n_/devices/modules/Cisco-IOS-XE-bgp-oper/bgp-state-data/address-families/address-family/activities/prefixes,n_/devices/modules/Cisco-IOS-XE-bgp-oper/bgp-state-data/neighbors/neighbor/prefix-activity/sent/current-prefixes,v_/ports#link-tr-ssm-b-1-y/metrics/network-outgoing-bytes,n_/devices/modules/Cisco-IOS-XE-bgp-oper/bgp-state-data/address-families/address-family/as-path/total-entries,v_/ports#link-intgw-exgw-a-3-x/metrics/network-outgoing-bytes-rate,n_/devices/modules/Cisco-IOS-XE-bgp-oper/bgp-state-data/address-families/address-family/prefixes/total-entries,v_/devices#RR-01/power_state,n_/devices/modules/Cisco-IOS-XE-interfaces-oper/interfaces/interface/diffserv-info/diffserv-target-classifier-stats/queuing-stats/drop-pkts,v_/ports#link-tr-intgw-a-3-x/metrics/network-incoming-bytes,n_/devices/modules/Cisco-IOS-XE-bgp-oper/bgp-state-data/neighbors/neighbor/prefix-activity/sent/explicit-withdraw
1663761,7836,13781441140548.0,3114,1197857.171021220,7836,1,36485094,172993013.0,4
1663761,7836,13781718203750.0,3114,1197857.171021220,7836,1,36485094,172993795.0,4
1663761,7836,13781997946656.0,3114,1211709.0322943800,7836,1,36485094,172994593.0,4
1663761,7836,13782275632754.0,3114,1204602.4646396900,7836,1,36485094,172995277.0,4
1663761,7836,13782553223286.0,3114,1197877.5294588100,7836,1,36485094,172995961.0,4
1663761,7836,13784503451664.0,3114,1209960.7830290700,7836,1,36576461,173000391.0,4
1663761,7836,13784782038426.0,3114,1202241.04272394,7836,1,36650862,173001075.0,4
1663761,7836,13785060832500.0,3114,1205034.3467484200,7836,1,36725296,173001873.0,4
1663761,7836,13785341342168.0,3114,1227106.779400130,7836,1,36774899,173002557.0,4
1663761,7836,13785619959784.0,3114,1244304.4834678900,7836,1,36786050,173003241.0,4
1663761,7836,13787571843296.0,3114,775876.2874057880,7836,1,36871390,173007789.0,4
1663761,7836,13787851664648.0,3114,775876.2874057880,7836,1,36945963,173008641.0,4
1663761,7836,13788130469366.0,3114,0.0,7836,1,36992302,173009443.0,4
1663761,7836,13788408585890.0,3114,0.0,7836,1,37003557,173010241.0,4
1663761,7836,13788690106654.0,3114,0.0,7836,1,37014705,173010925.0,4
1663761,7836,13790664503792.0,4671,1133759.3122965500,7836,1,37081363,173016313.0,5
1663761,7836,13791078704648.0,4671,649497.2158313340,7836,1,37081363,173017075.0,5
1663761,7836,13791491280488.0,4671,652984.270658416,7836,1,37081363,173017759.0,5
1663761,7836,13791904144582.0,4671,645370.8563962120,7836,1,37081363,173018557.0,5
1663761,7836,13792317177982.0,4671,648382.3313801390,7836,1,37081363,173019241.0,5
1663761,7836,13794428467252.0,4671,1217734.427802920,7836,1,37139984,173023883.0,6
1663761,7836,13794608786156.0,4671,664082.7850726040,7836,1,37141732,173025086.0,6
1663761,7836,13794777236132.0,4671,629007.0094340970,7836,1,37141732,173026029.0,6
1663761,7836,13794944830600.0,4671,625102.8449840810,7836,1,37141732,173026954.0,6
1663761,7836,13795115184830.0,4671,626503.8468787650,7836,1,37141732,173027765.0,6
1663761,7836,13795281696510.0,4671,624031.8041221450,7836,1,37141732,173028654.0,6
1663761,7836,13797171231680.0,4671,1205000.4712481000,7836,1,37211325,173033879.0,6
1663761,7836,13797449394440.0,4671,1217543.6780015300,7836,1,37223990,173034563.0,6
1663761,7836,13797726396166.0,4671,1209338.5984069700,7836,1,37236555,173035361.0,6
1663761,7836,13798002243572.0,4671,1214851.7446601900,7836,1,37249222,173036045.0,6
1663761,7836,13798279972032.0,4671,1205497.213048920,7836,1,37262015,173036839.0,6
1663761,7836,13800224461354.0,4671,1211606.6053135700,7836,1,37338178,173041799.0,6
1663761,7836,13800502472520.0,4671,1203419.30976865,7836,1,37350863,173042597.0,6
1663761,7836,13800782380650.0,4671,1213216.164746300,7836,1,37363544,173043281.0,6
1663761,7836,13801061535786.0,4671,1211959.161655290,7836,1,37376281,173044079.0,6
1663761,7836,13801340974592.0,4671,1214369.1023650700,7836,1,37389037,173044763.0,6
1663761,7836,13803287895510.0,4671,1210972.854912950,7836,1,37465074,173049349.0,6
1663761,7836,13803565035580.0,4671,1207493.9414687500,7836,1,37477774,173050033.0,6
1663761,7836,13803845186666.0,4671,1218922.6633792600,7836,1,37490503,173050717.0,6
1663761,7836,13804121943076.0,4671,1207823.1222647500,7836,1,37503235,173051515.0,6
1663761,7836,13804401036896.0,4671,1205913.7412587800,7836,1,37516010,173052277.0,6
1663761,7836,13806366136996.0,4671,1206530.725838880,7836,1,37591921,173057439.0,6
1663761,7836,13806786332518.0,4671,1248977.1576213700,7836,1,37641351,173058201.0,6
1663761,7836,13807198720768.0,4671,1250860.37448132,7836,1,37690758,173058885.0,6
1663761,7836,13807611921288.0,4671,1242322.643399610,7836,1,37740319,173059683.0,6
1663761,7836,13808026491702.0,4671,1247277.4448724100,7836,1,37789591,173060477.0,6
1663761,7836,13810338359492.0,4671,1238831.117355200,7836,1,37964814,173066492.0,6
1663761,7836,13810505956554.0,4671,1245451.104439170,7836,1,38015118,173067303.0,6
1663761,7836,13810669994444.0,4671,1248254.7014768000,7836,1,38065233,173068114.0,6
1663761,7836,13810836671430.0,4671,1245417.605694080,7836,1,38115275,173069263.0,6
1663761,7836,13811002729970.0,4671,1250878.5569906200,7836,1,38165382,173070074.0,6
1663761,7836,13812907990012.0,4671,1210993.9091863800,7836,1,38264601,173074535.0,6
1663761,7836,13813242634922.0,4671,1228043.7066874400,7836,1,38276979,173074535.0,6
1663761,7836,13813577205926.0,4671,1211730.0927688400,7836,1,38289282,173074535.0,6
1663761,7836,13813912175424.0,4671,1222227.106052330,7836,1,38301685,173074535.0,6
1663761,7836,13814245638152.0,4671,1211429.8686028700,7836,1,38314107,173074535.0,6
1663761,7836,13816251312674.0,4671,1220573.9213916900,7836,1,38388616,173080558.0,6
1663761,7836,13816585367328.0,4671,1215647.4143703600,7836,1,38401081,173081688.0,6
1663761,7836,13816919833794.0,4671,1211287.5744281600,7836,1,38413546,173082704.0,6
1663761,7836,13817253361010.0,4671,1216381.0248543600,7836,1,38425977,173083720.0,6
1663761,7836,13817587689546.0,4671,1215469.0363065900,7836,1,38438422,173084772.0,6
1663761,7836,13819624878850.0,4671,1074396.096591680,7836,1,38510762,173090077.0,6
1663761,7836,13820037758224.0,4671,642160.9372605650,7836,1,38510762,173090895.0,6
1663761,7836,13820449938842.0,4671,645714.5093590620,7836,1,38510762,173091811.0,6
1663761,7836,13820862153692.0,4671,639671.1126179590,7836,1,38510762,173092495.0,6
1663761,7836,13821276649564.0,4671,644769.7628229930,7836,1,38510762,173093179.0,6
1663761,7836,13823374716126.0,4671,1221564.677811770,7836,1,38568034,173097989.0,6
1663761,7836,13823797076878.0,4671,1238702.8768747300,7836,1,38615915,173098885.0,6
1663761,7836,13824212181836.0,4671,1252245.508682570,7836,1,38664935,173099683.0,6
1663761,7836,13824625786414.0,4671,1248905.328781660,7836,1,38709830,173100445.0,6
1663761,7836,13825038330140.0,4671,1240740.664581720,7836,1,38755546,173101129.0,6
1663761,7836,13827484604884.0,4671,1215675.043228260,7836,1,38891836,173108135.0,6
1663761,7836,13827819275598.0,4671,1214476.2822014600,7836,1,38904157,173108975.0,6
1663761,7836,13828152160846.0,4671,1209059.8503968500,7836,1,38916407,173109635.0,6
1663761,7836,13828487723946.0,4671,1218332.3193247200,7836,1,38928749,173110295.0,6
1663761,7836,13828820594010.0,4671,1209809.1516865700,7836,1,38941036,173111065.0,6
1663761,7835,13830887725278.0,4671,852045.1139682930,7835,1,39008042,173117335.0,7
1663761,7835,13831301644976.0,4671,643972.0437103930,7835,1,39008042,173118260.0,7
1663761,7835,13831714973116.0,4671,642456.6960421510,7835,1,39008042,173119071.0,7
1663761,7835,13832130113378.0,4671,646117.1451088490,7835,1,39008042,173119936.0,7
1663761,7835,13832543398956.0,4671,643301.449655354,7835,1,39008042,173120861.0,7
1663762,7836,13834609480766.0,4671,1215344.6101609200,7836,1,39073424,173126618.0,7
1663762,7836,13834944615838.0,4671,1219573.1168743000,7836,1,39085664,173127749.0,7
1663762,7836,13835277948356.0,4671,1210320.5085911000,7836,1,39098026,173128560.0,7
1663762,7836,13835612922610.0,4671,1216790.06047572,7836,1,39110276,173129469.0,7
1663762,7836,13835946470670.0,4671,1212468.3802213800,7836,1,39122636,173130394.0,7
1663762,7836,13837917369094.0,4671,1092034.6151379700,7836,1,39194584,173136423.0,7
1663762,7836,13838087073354.0,4671,623351.4490245440,7836,1,39194584,173137631.0,7
1663762,7836,13838253046892.0,4671,628636.3049065890,7836,1,39194584,173138679.0,7
1663762,7836,13838422377472.0,4671,623875.0526611590,7836,1,39194584,173139617.0,7
1663762,7836,13838590667044.0,4671,627140.8959943500,7836,1,39194584,173140820.0,7
1663762,7836,13840370298760.0,4671,1209295.6745343900,7836,1,39250878,173147099.0,7
1663762,7836,13840534289218.0,4671,1244241.4031395000,7836,1,39298726,173147988.0,7
1663762,7836,13840702070690.0,4671,1246172.1740795000,7836,1,39348826,173148872.0,7
1663762,7836,13840866560206.0,4671,1249200.160667760,7836,1,39398765,173149683.0,7
1663762,7836,13841032178970.0,4671,1246807.6723149100,7836,1,39448660,173150608.0,7
1663762,7836,13843135490732.0,4671,1208491.618262130,7836,1,39592816,173157735.0,7
1663762,7836,13843469805290.0,4671,1212893.3782027000,7836,1,39605584,173158746.0,7
1663762,7836,13843804701810.0,4671,1205111.9856885900,7836,1,39618376,173159930.0,7
1663762,7836,13844137957546.0,4671,1204302.1530114400,7836,1,39631269,173160868.0,7
1663762,7836,13844472485472.0,4671,1208821.1065483500,7836,1,39644049,173161806.0,7
1663762,7835,13846279535190.0,4671,862531.9038426100,7835,1,39713860,173167406.0,8
1663762,7835,13846279535190.0,4671,626635.6348538880,7835,1,39713860,173168090.0,8
1663762,7835,13846279535190.0,4671,625206.7059184210,7835,1,39713860,173168888.0,8
1663762,7835,13846279535190.0,4671,630419.9020896630,7835,1,39713860,173169642.0,8
1663762,7835,13846279535190.0,4671,624304.816360986,7835,1,39713860,173170424.0,8
1663763,7836,13848047548876.0,4671,1206256.1924061400,7836,1,39782134,173175582.0,8
1663763,7836,13848382764092.0,4671,1215212.9279582000,7836,1,39794827,173176344.0,8
1663763,7836,13848717585698.0,4671,1212203.575991660,7836,1,39807683,173177142.0,8
1663763,7836,13849050662076.0,4671,1202317.920756690,7836,1,39820445,173177826.0,8
1663763,7836,13849384421610.0,4671,1213356.9016862400,7836,1,39833176,173178510.0,8
1668727,7836,14399769912270.0,4671,1209742.0032306800,7836,1,61949170,175315825.0,4
1668727,7836,14400201117308.0,3114,1212421.305521440,7836,1,61949170,175316967.0,4
1668727,7836,14400478501062.0,3114,1231670.6578768700,7836,1,61949170,175317729.0,4
1668727,7836,14400754610736.0,3114,1243742.0290845700,7836,1,61949170,175318155.0,4
1668727,7836,14401030731854.0,3114,1247109.5407440600,7836,1,61949170,175319379.0,4
1668727,7836,14402964278866.0,4671,1203479.377826080,7836,1,62005586,175323597.0,4
1668727,7836,14403103599768.0,3114,1203633.712036400,7836,1,62078993,175324395.0,4
1668727,7836,14403519443616.0,3114,1208016.7760974900,7836,1,62152439,175325157.0,4
1668727,7836,14403797520660.0,3114,1209172.6580583200,7836,1,62226057,175325975.0,4
1668727,7836,14403935666110.0,3114,1210931.1685532600,7836,1,62299460,175326374.0,4
1668727,7836,14406010501848.0,4671,1211099.0187528900,7836,1,62360821,175331183.0,4
1668727,7836,14406289133554.0,3114,64536.22435731410,7836,1,62428283,175331525.0,4
1668727,7836,14406567110642.0,3114,0.0,7836,1,62475458,175332551.0,4
1668727,7836,14406705009791.0,3114,0.0,7836,1,62485068,175333235.0,4
1668727,7836,14407122327228.0,3114,0.0,7836,1,62494730,175333577.0,4
1668727,7836,14407260678758.0,3114,0.0,7836,1,62550969,175334827.0,4
1668727,7836,14409240215532.0,4671,1002091.7001886700,7836,1,62636078,175340163.0,5
1668727,7836,14409855262744.0,4671,633072.9098298320,7836,1,62636078,175340847.0,5
1668727,7836,14410267982216.0,4671,624510.3549283160,7836,1,62636078,175341273.0,5
1668727,7836,14410681604848.0,4671,624510.3549283160,7836,1,62636078,175342615.0,5
1668727,7836,14410887922862.0,4671,631230.6136686960,7836,1,62636078,175343377.0,5
1668727,7836,14413066875492.0,4671,918235.0476562910,7836,1,62689573,175347692.0,6
1668727,7836,14413149769034.0,4671,918235.0476562910,7836,1,62689573,175349198.0,6
1668727,7836,14413397868486.0,4671,628888.8590003530,7836,1,62689573,175350196.0,6
1668727,7836,14413481666176.0,4671,634467.2204972400,7836,1,62689573,175351007.0,6
1668727,7836,14413730622392.0,4671,634467.2204972400,7836,1,62689573,175351451.5,6
1668727,7836,14415566959784.0,4671,1216099.342414860,7836,1,62750316,175357079.0,6
1668727,7836,14415843187930.0,4671,1213740.0631700600,7836,1,62762092,175357763.0,6
1668727,7836,14415981810916.0,4671,1217789.3000097200,7836,1,62774002,175358162.0,6
1668727,7836,14416397493010.0,4671,1213984.184902490,7836,1,62785873,175359245.0,6
1668727,7836,14416536005657.0,4671,1217998.97704288,7836,1,62797610,175360039.0,6
1668727,7836,14418607745786.0,4671,1214926.8698549300,7836,1,62868606,175364693.0,6
1668727,7836,14418884090402.0,4671,1214926.8698549300,7836,1,62880373,175365523.0,6
1668727,7836,14419160332458.0,4671,1217056.7369925900,7836,1,62892177,175366489.0,6
1668727,7836,14419436274524.0,4671,1213541.2915436800,7836,1,62903919,175367173.0,6
1668727,7836,14419712465974.0,4671,1213541.2915436800,7836,1,62915617,175367515.0,6
1668727,7836,14421925352700.0,4671,1212888.827640670,7836,1,62998499,175373375.0,6
1668727,7836,14422203950470.0,4671,1221036.9243876500,7836,1,63010260,175374059.0,6
1668727,7836,14422479895200.0,4671,1214444.9223810200,7836,1,63021944,175374743.0,6
1668727,7836,14422757399596.0,4671,1211823.509301410,7836,1,63033799,175375505.0,6
1668727,7836,14423034017498.0,4671,1216122.5157626200,7836,1,63045615,175375904.0,6
1668727,7836,14424875068268.0,4671,1229177.8205831200,7836,1,63139496,175381191.0,6
1668727,7836,14425487252406.0,4671,1242047.888781420,7836,1,63188410,175382067.0,6
1668727,7836,14425693773994.0,4671,1246017.4941051600,7836,1,63237471,175382751.0,6
1668727,7836,14426314575430.0,4671,1246479.7634017300,7836,1,63286445,175383545.0,6
1668727,7836,14426727588080.0,4671,1242802.502860380,7836,1,63335552,175384343.0,6
1668727,7836,14428715410202.0,4671,1227267.4999156700,7836,1,63446765,175389096.0,6
1668727,7836,14428882561102.0,4671,1245888.7199061700,7836,1,63495227,175390395.0,6
1668727,7836,14429045978590.0,4671,1240352.412989330,7836,1,63543513,175390800.5,6
1668727,7836,14429130085638.0,4671,1248206.335767640,7836,1,63591975,175392017.0,6
1668727,7836,14429378436588.0,4671,1248206.335767640,7836,1,63640379,175392974.0,6
1668727,7836,14431032073675.0,4671,1205708.7283120300,7836,1,63746709,175398007.0,6
1668727,7836,14431531135582.0,4671,1208275.5942499100,7836,1,63757910,175398007.0,6
1668727,7836,14431862341710.0,4671,1196535.699577590,7836,1,63769162,175398007.0,6
1668727,7836,14432195208266.0,4671,1207959.893024300,7836,1,63780269,175398007.0,6
1668727,7836,14432526620962.0,4671,1201903.6753935400,7836,1,63791307,175398007.0,6
1668727,7836,14434519381224.0,4671,1210394.431722160,7836,1,63857991,175403061.5,6
1668727,7836,14434852988920.0,4671,1214326.7170780900,7836,1,63869062,175404753.0,6
1668727,7836,14435184242984.0,4671,1199040.8617116200,7836,1,63880219,175405691.0,6
1668727,7836,14435350093848.0,4671,1203961.8466680400,7836,1,63891249,175406821.0,6
1668727,7836,14435848119446.0,4671,1199670.1894992400,7836,1,63902309,175407759.0,6
1668727,7836,14438250051644.0,4671,779675.8777857080,7836,1,63971831,175414296.0,6
1668727,7836,14438663082336.0,4671,649612.9255755920,7836,1,63971831,175414980.0,6
1668727,7836,14439075890520.0,4671,647523.4567895060,7836,1,63971831,175415664.0,6
1668727,7836,14439488518878.0,4671,645806.4555935570,7836,1,63971831,175416348.0,6
1668727,7836,14439903372352.0,4671,652794.5381502030,7836,1,63971831,175416747.0,6
1668727,7836,14442014950424.0,4671,1224069.5969168200,7836,1,64048435,175422048.0,6
1668727,7836,14442427884538.0,4671,1244404.1878724100,7836,1,64097861,175422390.0,6
1668727,7836,14442841561078.0,4671,1247314.1292214600,7836,1,64147324,175423706.0,6
1668727,7836,14443048242780.0,4671,1250213.423431780,7836,1,64196854,175424390.0,6
1668727,7836,14443669356662.0,4671,1250213.423431780,7836,1,64246365,175425188.0,6
1668727,7836,14445736777072.0,4671,1209231.5355314900,7836,1,64353958,175430974.0,6
1668727,7836,14445902713543.0,4671,1219883.089150280,7836,1,64366174,175432628.0,6
1668727,7836,14446400373408.0,4671,1209533.568496780,7836,1,64378476,175433288.0,6
1668727,7836,14446732507222.0,4671,1207946.741470200,7836,1,64390727,175434018.0,6
1668727,7836,14447065787124.0,4671,1215437.7783027000,7836,1,64402894,175434403.0,6
1668727,7835,14448904602126.0,4671,1176957.0285545000,7835,1,64474887,175441250.0,7
1668727,7835,14449495076536.0,4671,647018.3299853170,7835,1,64474887,175442061.0,7
1668727,7835,14449701270257.0,4671,648427.8606401030,7835,1,64474887,175442986.0,7
1668727,7835,14450322140764.0,4671,650148.4226207750,7835,1,64474887,175443430.5,7
1668727,7835,14450735827276.0,4671,650148.4226207750,7835,1,64474887,175444686.0,7
1668728,7836,14452821664016.0,4671,1213719.0677788500,7836,1,64535662,175449739.0,7
1668728,7836,14452987735701.0,4671,1213649.7342575800,7836,1,64547979,175451384.0,7
1668728,7836,14453487350704.0,4671,1218698.8623428500,7836,1,64560161,175451885.5,7
1668728,7836,14453819687314.0,4671,1218698.8623428500,7836,1,64572463,175453198.0,7
1668728,7836,14454151289818.0,4671,1211671.3546746600,7836,1,64584785,175454009.0,7
1668728,7836,14454483286692.0,4671,1216054.2226999600,7836,1,64597005,175454510.5,7
1668728,7836,14456356574840.0,4671,792202.0946188260,7836,1,64661799,175461183.0,7
1668728,7836,14456521394174.0,4671,633512.1280011030,7836,1,64661799,175462358.0,7
1668728,7836,14456689102022.0,4671,633557.4704172890,7836,1,64661799,175463350.0,7
1668728,7836,14456771971074.0,4671,635620.2974875590,7836,1,64661799,175464402.0,7
1668728,7836,14457021229176.0,4671,635620.2974875590,7836,1,64661799,175465340.0,7
1668728,7836,14458686885528.0,4671,1227302.0014687300,7836,1,64742667,175471763.0,7
1668728,7836,14458976280682.0,4671,1246448.660415600,7836,1,64792265,175472652.0,7
1668728,7836,14459140546734.0,4671,1240677.9578012500,7836,1,64841712,175473057.5,7
1668728,7836,14459307851616.0,4671,1240677.9578012500,7836,1,64891393,175474388.0,7
1668728,7836,14459474222294.0,4671,1249907.6858984600,7836,1,64940941,175474820.5,7
1668728,7836,14461323043846.0,4671,1215878.5620418400,7836,1,65044265,175480638.5,7
1668728,7836,14461655007100.0,4671,1212680.9494641900,7836,1,65056600,175482323.0,7
1668728,7836,14461986792962.0,4671,1205869.1796495300,7836,1,65068927,175483407.0,7
1668728,7836,14462319100682.0,4671,1217606.0128082100,7836,1,65081170,175484345.0,7
1668728,7836,14462651685744.0,4671,1212876.4443116100,7836,1,65093449,175485397.0,7
1668728,7835,14464610129922.0,4671,1155712.4284849900,7835,1,65165910,175491047.0,8
1668728,7835,14464610129922.0,4671,1155712.4284849900,7835,1,65165910,175491845.0,8
1668728,7835,14464610129922.0,4671,636215.7086260950,7835,1,65165910,175492529.0,8
1668728,7835,14464610129922.0,4671,636284.8725753470,7835,1,65165910,175493311.0,8
1668728,7835,14464610129922.0,4671,631961.1646119510,7835,1,65165910,175493653.0,8
1668729,7836,14466515554534.0,4671,1208341.4667699400,7836,1,65237080,175500281.0,8
1668729,7836,14466848761050.0,4671,1208341.4667699400,7836,1,65249227,175500965.0,8
1668729,7836,14467014924670.0,4671,1217094.5298608600,7836,1,65261496,175501649.0,8
1668729,7836,14467513316078.0,4671,1211121.1314174800,7836,1,65273712,175502447.0,8
1668729,7836,14467845138582.0,4671,1212153.5758639100,7836,1,65285937,175502828.0,8
1673839,7836,15014302148992.0,3114,1206851.0447403300,7836,1,86262262,177531778.0,4
1673839,7836,15014578347100.0,3114,1214049.5275469100,7836,1,86262262,177532576.0,4
1673839,7836,15014853183760.0,3114,1214049.5275469100,7836,1,86262262,177533260.0,4
1673839,7836,15015129618780.0,3114,1204433.6380328200,7836,1,86262262,177534136.0,4
1673839,7836,15015404511228.0,3114,1204433.6380328200,7836,1,86262262,177534820.0,4
1673839,7836,15017324979000.0,4671,1212970.1334456800,7836,1,86364173,177539308.0,4
1673839,7836,15017600984170.0,3114,1201211.4172321900,7836,1,86438511,177539992.0,4
1673839,7836,15017875942904.0,3114,1209185.3575880700,7836,1,86496151,177540676.0,4
1673839,7836,15018151445026.0,3114,1218659.0730037200,7836,1,86507325,177541474.0,4
1673839,7836,15018426507682.0,3114,1241011.8443003800,7836,1,86550039,177542346.0,4
1673839,7836,15020350451850.0,4671,753467.8661689900,7836,1,86677116,177547008.0,4
1673839,7836,15020625606072.0,3114,753467.8661689900,7836,1,86751689,177547692.0,4
1673839,7836,15020899079506.0,3114,0.0,7836,1,86772866,177548376.0,4
1673839,7836,15021174084492.0,3114,0.0,7836,1,86784068,177549174.0,4
1673839,7836,15021447814344.0,3114,0.0,7836,1,86795232,177549858.0,4
1673839,7836,15023397099990.0,4671,1202545.0055560300,7836,1,86860700,177555158.0,5
1673839,7836,15023809190404.0,4671,651806.5754014870,7836,1,86860700,177556034.0,5
1673839,7836,15024223848460.0,4671,653137.622070192,7836,1,86860700,177556718.0,5
1673839,7836,15024636381364.0,4671,653137.622070192,7836,1,86860700,177557402.0,5
1673839,7836,15025050211400.0,4671,653485.0964464050,7836,1,86860700,177558200.0,5
1673839,7836,15027139174396.0,4671,1208265.1225079900,7836,1,86910556,177563046.0,5
1673839,7836,15027315544234.0,4671,1208265.1225079900,7836,1,86911053,177564347.0,6
1673839,7836,15027480239240.0,4671,652000.3848233170,7836,1,86911053,177565285.0,6
1673839,7836,15027648455652.0,4671,624999.8184700900,7836,1,86911053,177566210.0,6
1673839,7836,15027813109532.0,4671,625871.6419029620,7836,1,86911053,177567209.0,6
1673839,7836,15027979959184.0,4671,625180.0349370090,7836,1,86911053,177567209.0,6
1673839,7836,15029836252368.0,4671,1213681.3863916500,7836,1,86969387,177573066.0,6
1673839,7836,15030111121914.0,4671,1212175.1441015300,7836,1,86979967,177573750.0,6
1673839,7836,15030385219352.0,4671,1205606.640507680,7836,1,86990484,177574626.0,6
1673839,7836,15030657881948.0,4671,1205606.640507680,7836,1,87001064,177575408.0,6
1673839,7836,15030933298482.0,4671,1199290.4459877500,7836,1,87011560,177576092.0,6
1673839,7836,15032849995738.0,4671,1210076.8781407800,7836,1,87075203,177580856.0,6
1673839,7836,15033122862030.0,4671,1204344.1719948500,7836,1,87085779,177581618.0,6
1673839,7836,15033398268860.0,4671,1209199.4742105200,7836,1,87096437,177582302.0,6
1673839,7836,15033671424100.0,4671,1209199.4742105200,7836,1,87107065,177583100.0,6
1673839,7836,15033945476958.0,4671,1201563.904271860,7836,1,87117654,177583784.0,6
1673839,7836,15035865334570.0,4671,1205097.8152029900,7836,1,87180854,177588390.0,6
1673839,7836,15036139579482.0,4671,1210949.5882752800,7836,1,87191445,177589074.0,6
1673839,7836,15036412943672.0,4671,1196678.5072929200,7836,1,87202067,177589758.0,6
1673839,7836,15036688591478.0,4671,1207927.693306130,7836,1,87212762,177590822.0,6
1673839,7836,15036962333252.0,4671,1204123.5562684600,7836,1,87223376,177591506.0,6
1673839,7836,15038899471088.0,4671,1198653.6084256900,7836,1,87290427,177596354.0,6
1673839,7836,15039322292656.0,4671,1203710.174527390,7836,1,87339684,177597230.0,6
1673839,7836,15039735071948.0,4671,1244554.3752844500,7836,1,87389119,177598048.0,6
1673839,7836,15040148330384.0,4671,1244554.3752844500,7836,1,87438554,177598732.0,6
1673839,7836,15040561009088.0,4671,1245240.4653995300,7836,1,87487826,177599530.0,6
1673839,7836,15042846843036.0,4671,1206111.959921430,7836,1,87653416,177605691.0,6
1673839,7836,15043009482850.0,4671,1243950.5030378600,7836,1,87701822,177606556.0,6
1673839,7836,15043173983210.0,4671,1246621.0478982100,7836,1,87750131,177607535.0,6
1673839,7836,15043336280218.0,4671,1249747.0627041300,7836,1,87798586,177608346.0,6
1673839,7836,15043500681740.0,4671,1247114.3827846000,7836,1,87846972,177609157.0,6
1673839,7836,15045373286234.0,4671,1213420.4742377500,7836,1,87934632,177613632.0,6
1673839,7836,15045702175536.0,4671,1213870.3151755000,7836,1,87945255,177613632.0,6
1673839,7836,15046030973972.0,4671,1204272.7033169700,7836,1,87955887,177613632.0,6
1673839,7836,15046361353250.0,4671,1211701.6248963500,7836,1,87966650,177613632.0,6
1673839,7836,15046690104844.0,4671,1211396.2971690100,7836,1,87977441,177613632.0,6
1673839,7836,15048668819322.0,4671,1202120.551098600,7836,1,88041787,177619565.0,6
1673839,7836,15048997535220.0,4671,1211161.7573138200,7836,1,88052564,177620581.0,6
1673839,7836,15049326553864.0,4671,1211161.7573138200,7836,1,88063240,177621633.0,6
1673839,7836,15049657019694.0,4671,1207219.1423131000,7836,1,88073924,177622571.0,6
1673839,7836,15049985920926.0,4671,1204451.5888425900,7836,1,88084639,177623587.0,6
1673839,7836,15051994944872.0,4671,1203936.7469660100,7836,1,88146388,177629073.0,6
1673839,7836,15052409960984.0,4671,1078873.0058748200,7836,1,88146388,177629891.0,6
1673839,7836,15052821792176.0,4671,644243.7781966010,7836,1,88146388,177630689.0,6
1673839,7836,15053235704248.0,4671,640768.32936424,7836,1,88146388,177631373.0,6
1673839,7836,15053648630232.0,4671,645941.1088632230,7836,1,88146388,177632171.0,6
1673839,7836,15055724624770.0,4671,1213264.7646105300,7836,1,88205107,177636837.0,6
1673839,7836,15056149289588.0,4671,1213264.7646105300,7836,1,88253986,177637847.0,6
1673839,7836,15056564414312.0,4671,1248437.6348971400,7836,1,88303111,177638817.0,6
1673839,7836,15056977939940.0,4671,1248416.8964258100,7836,1,88347696,177639501.0,6
1673839,7836,15057390495096.0,4671,1250006.779047540,7836,1,88396655,177640185.0,6
1673839,7836,15057802341364.0,4671,1250006.779047540,7836,1,88445574,177640869.0,6
1673839,7836,15059821850634.0,4671,1210399.4562082000,7836,1,88521081,177647531.0,6
1673839,7836,15060151604980.0,4671,1209340.6125113500,7836,1,88531255,177648191.0,6
1673839,7836,15060480286078.0,4671,1209340.6125113500,7836,1,88541427,177648851.0,6
1673839,7836,15060809367862.0,4671,1199886.3438786100,7836,1,88551631,177649621.0,6
1673839,7836,15061139932628.0,4671,1216957.3665924100,7836,1,88561812,177650281.0,6
1673839,7835,15063179613510.0,4671,1209367.9557313400,7835,1,88616609,177657015.0,7
1673839,7835,15063593370168.0,4671,858654.9760100360,7835,1,88616609,177657904.0,7
1673839,7835,15064006651008.0,4671,642731.4601213690,7835,1,88616609,177658907.0,7
1673839,7835,15064420748032.0,4671,645023.7546845080,7835,1,88616609,177659718.0,7
1673839,7835,15064832307244.0,4671,646131.3598912020,7835,1,88616609,177660529.0,7
1673840,7836,15066871722344.0,4671,1213088.6889952500,7836,1,88671970,177666190.0,7
1673840,7836,15067201833190.0,4671,1206811.1735123200,7836,1,88682209,177667489.0,7
1673840,7836,15067531553246.0,4671,1207175.429067160,7836,1,88692529,177668300.0,7
1673840,7836,15067859914706.0,4671,1213213.6407261900,7836,1,88702756,177669111.0,7
1673840,7836,15068189077120.0,4671,1213213.6407261900,7836,1,88712970,177670134.0,7
1673840,7836,15070136699348.0,4671,1212519.0727999400,7836,1,88772364,177675995.0,7
1673840,7836,15070302473444.0,4671,1093516.7399857600,7836,1,88772364,177677276.0,7
1673840,7836,15070469175850.0,4671,622494.2198190350,7836,1,88772364,177678214.0,7
1673840,7836,15070634629732.0,4671,622494.2198190350,7836,1,88772364,177679474.0,7
1673840,7836,15070801687590.0,4671,621727.6931394090,7836,1,88772364,177680412.0,7
1673840,7836,15072561907330.0,4671,1206944.444722410,7836,1,88820184,177686522.0,7
1673840,7836,15072728070534.0,4671,1211189.8291672500,7836,1,88867701,177687659.0,7
1673840,7836,15072890356362.0,4671,1247825.8218855400,7836,1,88915543,177688568.0,7
1673840,7836,15073055680140.0,4671,1240124.8847352000,7836,1,88958777,177689452.0,7
1673840,7836,15073217737416.0,4671,1252522.1043524800,7836,1,89006796,177690377.0,7
1673840,7836,15073380971870.0,4671,1246631.1674647800,7836,1,89060084,177691364.0,7
1673840,7836,15075278534562.0,4671,1202987.5250116200,7836,1,89142046,177697589.0,7
1673840,7836,15075607492088.0,4671,1201159.6747942900,7836,1,89152614,177698600.0,7
1673840,7836,15075937815296.0,4671,1200387.357837160,7836,1,89163213,177699706.0,7
1673840,7836,15076265981154.0,4671,1209252.6029722800,7836,1,89173793,177700776.0,7
1673840,7836,15076597160050.0,4671,1199019.7380044000,7836,1,89184558,177701714.0,7
1673840,7835,15078390275168.0,4671,1204207.3637141100,7835,1,89242790,177707068.0,8
1673840,7835,15078390275168.0,4671,620771.845328772,7835,1,89242790,177707866.0,8
1673840,7835,15078390275168.0,4671,620771.845328772,7835,1,89242790,177708550.0,8
1673840,7835,15078390275168.0,4671,626003.3515345320,7835,1,89242790,177709234.0,8
1673840,7835,15078390275168.0,4671,621556.6698436920,7835,1,89242790,177710110.0,8
1673841,7836,15080090165866.0,4671,1205420.0643902000,7836,1,89299257,177715464.0,8
1673841,7836,15080419548836.0,4671,1203157.103676370,7836,1,89309912,177716226.0,8
1673841,7836,15080748927000.0,4671,1207627.145083010,7836,1,89320555,177716910.0,8
1673841,7836,15081078161142.0,4671,1207627.145083010,7836,1,89331181,177717708.0,8
1673841,7836,15081408932340.0,4671,1216464.3389550600,7836,1,89341745,177718604.0,8
1686643,7836,15623643181444.0,4671,1212240.5793532000,7836,1,112623554,179364422.0,4
1686643,7836,15623923467648.0,3114,1196371.6478944100,7836,1,112623554,179365233.0,4
1686643,7836,15624205584274.0,3114,1208282.8423731800,7836,1,112623554,179365233.0,4
1686643,7836,15624486515602.0,3114,1215536.690804570,7836,1,112623554,179366969.0,4
1686643,7836,15624766472212.0,3114,1216070.62196721,7836,1,112623554,179367858.0,4
1686643,7836,15627014608040.0,3114,1195825.6769527700,7836,1,112735471,179373931.0,4
1686643,7836,15627294472276.0,3114,1210475.0921962800,7836,1,112810062,179374742.0,4
1686643,7836,15627574881884.0,3114,1207228.5499918600,7836,1,112884548,179375626.0,4
1686643,7836,15627856564524.0,3114,1201689.251969040,7836,1,112916039,179376551.0,4
1686643,7836,15628136141348.0,3114,1246379.5581345000,7836,1,112942020,179377362.0,4
1686643,7836,15630097297982.0,4671,1204079.904150900,7836,1,113091143,179382588.0,4
1686643,7836,15630376297246.0,3114,423642.8933561250,7836,1,113165929,179383399.0,4
1686643,7836,15630659240064.0,3114,0.0,7836,1,113240531,179384603.0,4
1686643,7836,15630937752054.0,3114,0.0,7836,1,113301874,179385468.0,4
1686643,7836,15631219837898.0,3114,0.0,7836,1,113312977,179386279.0,4
1686643,7836,15633252226522.0,4671,1208345.1586474200,7836,1,113420672,179392701.0,5
1686643,7836,15633666673282.0,4671,974919.4555237160,7836,1,113420672,179393590.0,5
1686643,7836,15634079516202.0,4671,647609.3833867040,7836,1,113420672,179393590.0,5
1686643,7836,15634079516202.0,4671,649752.3423471120,7836,1,113420672,179394401.0,5
1686643,7836,15634905219710.0,4671,646991.0136044620,7836,1,113420672,179395212.0,5
1686643,7836,15636959763370.0,4671,1201584.5050052500,7836,1,113472662,179425560.0,6
1686643,7836,15637127609838.0,4671,1076153.1298522400,7836,1,113472662,179426758.0,6
1686643,7836,15637297068006.0,4671,625980.0662091540,7836,1,113472662,179427696.0,6
1686643,7836,15637463944186.0,4671,621794.032306165,7836,1,113472662,179427696.0,6
1686643,7836,15637633268666.0,4671,624078.4865335650,7836,1,113472662,179429759.0,6
1686643,7836,15639440278278.0,4671,1212391.0912362500,7836,1,113520171,179435559.0,6
1686643,7836,15639720580708.0,4671,1201892.1768018500,7836,1,113530381,179448510.0,6
1686643,7836,15639999680284.0,4671,1214100.9929346900,7836,1,113540515,179449321.0,6
1686643,7836,15640278629552.0,4671,1207086.2737516600,7836,1,113550704,179450246.0,6
1686643,7836,15640557743950.0,4671,1204376.6018107800,7836,1,113560994,179451057.0,6
1686643,7836,15640836276072.0,4671,1206057.513467010,7836,1,113571169,179452202.0,6
1686643,7836,15642796792984.0,4671,1210797.2527005500,7836,1,113632464,179503709.0,6
1686643,7836,15643077495124.0,4671,1207650.088248600,7836,1,113642669,179503709.0,6
1686643,7836,15643359262326.0,4671,1203600.4525618700,7836,1,113652821,179505499.0,6
1686643,7836,15643640384542.0,4671,1208306.228235330,7836,1,113662939,179506383.0,6
1686643,7836,15643920869740.0,4671,1214083.6960483900,7836,1,113673194,179507194.0,6
1686643,7836,15645883994928.0,4671,1210621.8858267600,7836,1,113734462,179519611.0,6
1686643,7836,15646163524840.0,4671,1201081.6102907700,7836,1,113744705,179544173.0,6
1686643,7836,15646446528704.0,4671,1207885.4224738800,7836,1,113754889,179591964.0,6
1686643,7836,15646446528704.0,4671,1210145.056371410,7836,1,113765268,179591964.0,6
1686643,7836,15647006700918.0,4671,1206841.5593619700,7836,1,113775478,179631087.0,6
1686643,7836,15649027586632.0,4671,1198124.5233979300,7836,1,113845782,179683695.0,6
1686643,7836,15649442438390.0,4671,1221751.8292750100,7836,1,113894633,179684457.0,6
1686643,7836,15649853731920.0,4671,1255914.6652897200,7836,1,113943644,179685255.0,6
1686643,7836,15650266952564.0,4671,1242689.9333616000,7836,1,113992501,179686009.0,6
1686643,7836,15650681073028.0,4671,1252178.3671230700,7836,1,114041536,179686909.0,6
1686643,7836,15652447982362.0,4671,1208720.3128066600,7836,1,114156054,179691521.0,6
1686643,7836,15652934005372.0,4671,1206100.6022216300,7836,1,114204476,179693589.0,6
1686643,7836,15653102815568.0,4671,1246861.8150453600,7836,1,114252770,179694592.0,6
1686643,7836,15653270111946.0,4671,1250122.3308125300,7836,1,114301174,179695549.0,6
1686643,7836,15653439419948.0,4671,1251196.1363014100,7836,1,114349628,179696433.0,6
1686643,7836,15655554160336.0,4671,1210892.6842527300,7836,1,114481005,179702201.0,6
1686643,7836,15655888345584.0,4671,1210369.363749380,7836,1,114492099,179702201.0,6
1686643,7836,15656222402698.0,4671,1206798.88132163,7836,1,114503140,179702201.0,6
1686643,7836,15656556817942.0,4671,1204563.306917010,7836,1,114514203,179702201.0,6
1686643,7836,15656892840078.0,4671,1203428.5659706400,7836,1,114525336,179702201.0,6
1686643,7836,15658899803240.0,4671,1216231.7085847000,7836,1,114591854,179706625.0,6
1686643,7836,15659233442942.0,4671,1203869.319904100,7836,1,114603019,179708815.0,6
1686643,7836,15659233442942.0,4671,1202539.769272630,7836,1,114613993,179709921.0,6
1686643,7836,15659903129508.0,4671,1208388.7214693800,7836,1,114625076,179710977.0,6
1686643,7836,15660237158576.0,4671,1208737.559486720,7836,1,114636145,179710977.0,6
1686643,7836,15662291897834.0,4671,1201820.2262546400,7836,1,114698461,179717963.0,6
1686643,7836,15662703895928.0,4671,962947.5308011860,7836,1,114698461,179719086.0,6
1686643,7836,15663117659984.0,4671,644546.9660389540,7836,1,114698461,179719897.0,6
1686643,7836,15663530744784.0,4671,648622.3804913250,7836,1,114698461,179720708.0,6
1686643,7836,15663944185036.0,4671,647738.2155644270,7836,1,114698461,179721706.0,6
1686643,7836,15666066740340.0,4671,1211633.6264797300,7836,1,114762987,179726565.0,6
1686643,7836,15666480031164.0,4671,1223202.8293356300,7836,1,114812280,179728386.0,6
1686643,7836,15666891451862.0,4671,1254538.3163713200,7836,1,114861621,179729070.0,6
1686643,7836,15667304765170.0,4671,1237016.1465588900,7836,1,114910991,179729070.0,6
1686643,7836,15667718719242.0,4671,1250750.633951470,7836,1,114960391,179730630.0,6
1686643,7836,15669830415380.0,4671,1203696.0692181100,7836,1,115073147,179736111.0,6
1686643,7836,15670166939086.0,4671,1215288.5446834800,7836,1,115083914,179738061.0,6
1686643,7836,15670503563064.0,4671,1196583.550575790,7836,1,115094497,179738721.0,6
1686643,7836,15670838859174.0,4671,1211073.1440417700,7836,1,115105177,179739451.0,6
1686643,7836,15671176516688.0,4671,1196669.9787434700,7836,1,115115807,179740221.0,6
1686643,7836,15671512707910.0,4671,1208379.8175148400,7836,1,115126450,179740881.0,6
1686643,7835,15673606929652.0,4671,1207352.802101340,7835,1,115182467,179745363.0,7
1686643,7835,15674021325054.0,4671,758474.5993738590,7835,1,115182467,179746923.0,7
1686643,7835,15674433541060.0,4671,645616.4131115390,7835,1,115182467,179747607.0,7
1686643,7835,15674848407234.0,4671,643332.0278283100,7835,1,115182467,179748523.0,7
1686643,7835,15675260513716.0,4671,649287.538099548,7835,1,115182467,179749207.0,7
1686644,7836,15677314643934.0,4671,1207620.0346338800,7836,1,115241714,179754097.0,7
1686644,7836,15677652104094.0,4671,1199309.3656700400,7836,1,115252300,179754859.0,7
1686644,7836,15677988246926.0,4671,1208266.3025989100,7836,1,115262989,179755657.0,7
1686644,7836,15678324679526.0,4671,1204922.440465130,7836,1,115273634,179756341.0,7
1686644,7836,15678662304084.0,4671,1201727.0100372700,7836,1,115284274,179757025.0,7
1686644,7836,15680615066870.0,4671,1207089.8595326300,7836,1,115344813,179762208.0,7
1686644,7836,15680783889022.0,4671,981204.2358188810,7836,1,115344813,179763024.0,7
1686644,7836,15680783889022.0,4671,623392.2900594910,7836,1,115344813,179763024.0,7
1686644,7836,15681119863856.0,4671,625978.5339658930,7836,1,115344813,179765049.0,7
1686644,7836,15681288970018.0,4671,619608.257390112,7836,1,115344813,179765958.0,7
1686644,7836,15683119788378.0,4671,1206146.6713509900,7836,1,115399155,179770381.0,7
1686644,7836,15683286943552.0,4671,1209456.2752780400,7836,1,115447253,179772316.0,7
1686644,7836,15683456437716.0,4671,1246946.0105639000,7836,1,115495157,179773127.0,7
1686644,7836,15683623820120.0,4671,1246374.125172810,7836,1,115543206,179773938.0,7
1686644,7836,15683791453854.0,4671,1247444.1131944900,7836,1,115591097,179774822.0,7
1686644,7836,15685600429462.0,4671,1206708.9329540600,7836,1,115705250,179779979.0,7
1686644,7836,15685936985054.0,4671,1208312.1480458500,7836,1,115715968,179781129.0,7
1686644,7836,15686274031942.0,4671,1202254.470342050,7836,1,115726658,179782367.0,7
1686644,7836,15686610734288.0,4671,1196917.2386814600,7836,1,115737316,179783378.0,7
1686644,7836,15686946806540.0,4671,1203539.6455743900,7836,1,115748003,179784508.0,7
1686644,7836,15687284521130.0,4671,1204240.1933761000,7836,1,115758825,179784508.0,7
1686644,7835,15689049229890.0,4671,1202968.4931921900,7835,1,115816340,179791637.0,8
1686644,7835,15689049229890.0,4671,765575.0639884880,7835,1,115816340,179791637.0,8
1686644,7835,15689049229890.0,4671,621581.8097236300,7835,1,115816340,179793337.0,8
1686644,7835,15689049229890.0,4671,624219.1055024920,7835,1,115816340,179793337.0,8
1686644,7835,15689049229890.0,4671,624594.2097220220,7835,1,115816340,179795127.0,8
1686645,7836,15690890671860.0,4671,1209057.9292106000,7836,1,115875176,179801334.0,8
1686645,7836,15691226168348.0,4671,1199862.3624047500,7836,1,115885858,179802223.0,8
1686645,7836,15691562779496.0,4671,1205549.042241010,7836,1,115896548,179803148.0,8
1686645,7836,15691899919654.0,4671,1202057.2214435800,7836,1,115907229,179803959.0,8
1686645,7836,15692237361274.0,4671,1204447.628012090,7836,1,115917873,179803959.0,8
1694399,7836,16244942522616.0,4671,1215966.265866870,7836,1,137181056,181855961.0,4
1694399,7836,16244942522616.0,3114,1215903.203726070,7836,1,137181056,181856772.0,4
1694399,7836,16245222322344.0,3114,1207888.6040314600,7836,1,137181056,181857697.0,4
1694399,7836,16245501019796.0,3114,1214002.355997550,7836,1,137181056,181858635.0,4
1694399,7836,16245778777278.0,3114,1231513.3277229500,7836,1,137181056,181859446.0,4
1694399,7836,16247675209282.0,4671,1213070.198750100,7836,1,137240432,181864884.0,4
1694399,7836,16248006189422.0,3114,1216631.9414464300,7836,1,137313897,181865695.0,4
1694399,7836,16248284359964.0,3114,1208973.7060333600,7836,1,137387349,181866560.0,4
1694399,7836,16248561397242.0,3114,1209347.2197869600,7836,1,137460800,181867485.0,4
1694399,7836,16248839437998.0,3114,1214975.7896917300,7836,1,137534424,181868369.0,4
1694399,7836,16251061284372.0,4671,1213946.187619370,7836,1,137738754,181874544.0,4
1694399,7836,16251345830080.0,3114,157523.15630911400,7836,1,137811495,181875355.0,4
1694399,7836,16251624969956.0,3114,0.0,7836,1,137884176,181876244.0,4
1694399,7836,16251902592252.0,3114,0.0,7836,1,137956835,181877169.0,4
1694399,7836,16252181534204.0,3114,0.0,7836,1,138029592,181878053.0,4
1694399,7836,16254116051358.0,4671,1215835.1524797900,7836,1,138124463,181884285.0,5
1694399,7836,16254512793418.0,4671,833483.0231817130,7836,1,138124463,181885296.0,5
1694399,7836,16255340069990.0,4671,634065.5550402930,7836,1,138124463,181886221.0,5
1694399,7836,16255340069990.0,4671,630820.0412477890,7836,1,138124463,181887032.0,5
1694399,7836,16255753358858.0,4671,627641.4597462650,7836,1,138124463,181887843.0,5
1694399,7836,16257907738718.0,4671,1210942.3914812200,7836,1,138179378,181893590.0,6
1694399,7836,16258169789020.0,4671,960051.983059712,7836,1,138179378,181894738.0,6
1694399,7836,16258337122884.0,4671,629743.6781321390,7836,1,138179378,181896148.0,6
1694399,7836,16258501072286.0,4671,624796.0061483590,7836,1,138179378,181897086.0,6
1694399,7836,16258669317726.0,4671,623250.3505025400,7836,1,138179378,181898024.0,6
1694399,7836,16260336449920.0,4671,1215268.4092837900,7836,1,138242051,181904065.0,6
1694399,7836,16260659119420.0,4671,1216597.5876697900,7836,1,138254877,181916824.0,6
1694399,7836,16260936768148.0,4671,1208758.4450985600,7836,1,138267588,181917749.0,6
1694399,7836,16261216923512.0,4671,1206938.0819757300,7836,1,138280294,181918560.0,6
1694399,7836,16261496482078.0,4671,1211611.8575095600,7836,1,138292953,181919371.0,6
1694399,7836,16263386899172.0,4671,1199235.5738113500,7836,1,138369361,181937320.0,6
1694399,7836,16263721500538.0,4671,1212944.3431738600,7836,1,138382035,181938245.0,6
1694399,7836,16264000823002.0,4671,1210182.452633460,7836,1,138394761,181946748.0,6
1694399,7836,16264279758734.0,4671,1210649.9701590300,7836,1,138407419,181947693.0,6
1694399,7836,16264559555842.0,4671,1212745.7437323400,7836,1,138420115,181948504.0,6
1694399,7836,16264838774776.0,4671,1213535.8776835300,7836,1,138432874,181949429.0,6
1694399,7836,16266775232230.0,4671,1214329.7447363400,7836,1,138508835,181993956.0,6
1694399,7836,16267066855296.0,4671,1216659.3654642600,7836,1,138521609,182017929.0,6
1694399,7836,16267348323656.0,4671,1210415.4329478600,7836,1,138534484,182018740.0,6
1694399,7836,16267626623006.0,4671,1208380.5598054400,7836,1,138547193,182065775.0,6
1694399,7836,16267907362448.0,4671,1205223.3136770600,7836,1,138559811,182066664.0,6
1694399,7836,16269826702124.0,4671,1206216.2734197000,7836,1,138654693,182157907.0,6
1694399,7836,16270215255918.0,4671,1226864.2547494400,7836,1,138704140,182158954.0,6
1694399,7836,16270630226738.0,4671,1249094.8883890700,7836,1,138753608,182159716.0,6
1694399,7836,16271043492004.0,4671,1250017.9543768400,7836,1,138802854,182160592.0,6
1694399,7836,16271454893726.0,4671,1246368.237432000,7836,1,138852276,182161386.0,6
1694399,7836,16273625511712.0,4671,1216307.5761071500,7836,1,138977230,182166680.0,6
1694399,7836,16273905667062.0,4671,1229685.4792722800,7836,1,139027492,182167677.0,6
1694399,7836,16274074626064.0,4671,1244510.826653360,7836,1,139077525,182168967.0,6
1694399,7836,16274241963130.0,4671,1243616.43996599,7836,1,139127797,182169778.0,6
1694399,7836,16274410090070.0,4671,1244622.0380891600,7836,1,139177804,182170703.0,6
1694399,7836,16276086258508.0,4671,1209648.7387510100,7836,1,139293298,182176399.0,6
1694399,7836,16276424407428.0,4671,1215557.2780973700,7836,1,139305736,182177210.0,6
1694399,7836,16276759947734.0,4671,1216709.1145671300,7836,1,139318099,182177210.0,6
1694399,7836,16277097314048.0,4671,1215476.4139023300,7836,1,139330551,182177210.0,6
1694399,7836,16277433259750.0,4671,1214398.9254730400,7836,1,139342933,182177210.0,6
1694399,7836,16279789010706.0,4671,1212140.6914712400,7836,1,139430047,182181814.0,6
1694399,7836,16280125699666.0,4671,1213577.7940511300,7836,1,139442462,182183030.0,6
1694399,7836,16280462518196.0,4671,1221892.2611899600,7836,1,139454820,182184136.0,6
1694399,7836,16280800373162.0,4671,1220987.668843680,7836,1,139467331,182185128.0,6
1694399,7836,16281136690244.0,4671,1214491.5986008800,7836,1,139479670,182186144.0,6
1694399,7836,16283156488904.0,4671,1217030.7847875200,7836,1,139547140,182192309.0,6
1694399,7836,16283552642726.0,4671,848916.2826599850,7836,1,139547140,182193252.0,6
1694399,7836,16283967949152.0,4671,645357.2693475800,7836,1,139547140,182194311.0,6
1694399,7836,16284379758326.0,4671,641027.1580972050,7836,1,139547140,182195122.0,6
1694399,7836,16284794595040.0,4671,646053.5158157460,7836,1,139547140,182195987.0,6
1694399,7836,16286945131020.0,4671,1223302.7370882300,7836,1,139623665,182201816.0,6
1694399,7836,16287327426676.0,4671,1226495.562496310,7836,1,139672671,182202746.0,6
1694399,7836,16287741330162.0,4671,1247477.1409539400,7836,1,139721636,182203564.0,6
1694399,7836,16288152796782.0,4671,1251313.806907680,7836,1,139770651,182204248.0,6
1694399,7836,16288567375954.0,4671,1241008.5867370900,7836,1,139819630,182205124.0,6
1694399,7836,16290736608464.0,4671,1216241.8643547000,7836,1,139933105,182210357.0,6
1694399,7836,16291069606812.0,4671,1207004.0028012400,7836,1,139945535,182211942.0,6
1694399,7836,16291405098176.0,4671,1211609.9599876900,7836,1,139957785,182213774.0,6
1694399,7836,16291739697788.0,4671,1218276.7083208300,7836,1,139970063,182214544.0,6
1694399,7836,16292073325412.0,4671,1208851.930351910,7836,1,139982275,182215204.0,6
1694399,7836,16294081740742.0,4671,1207763.395255580,7836,1,140055901,182220948.0,6
1694399,7835,16294417978148.0,4671,1217930.6667365900,7835,1,140056313,182221632.0,7
1694399,7835,16294843168510.0,4671,643319.9050231480,7835,1,140056313,182222508.0,7
1694399,7835,16295256414264.0,4671,641066.791663753,7835,1,140056313,182223290.0,7
1694399,7835,16295669694936.0,4671,641300.713802905,7835,1,140056313,182223974.0,7
1694399,7835,16296084215778.0,4671,648099.0154627860,7835,1,140056313,182224862.0,7
1694400,7836,16298197866868.0,4671,1206904.9368246100,7836,1,140126890,182229354.0,7
1694400,7836,16298533337984.0,4671,1216234.8791175100,7836,1,140139163,182230606.0,7
1694400,7836,16298867638730.0,4671,1215467.0640050500,7836,1,140151495,182231290.0,7
1694400,7836,16299202201884.0,4671,1212790.917155700,7836,1,140163866,182231974.0,7
1694400,7836,16299536726400.0,4671,1214738.30635656,7836,1,140176140,182232658.0,7
1694400,7836,16301543212332.0,4671,1210872.668575070,7836,1,140243372,182237442.0,7
1694400,7836,16301782808970.0,4671,880026.3673787700,7836,1,140243372,182238374.0,7
1694400,7836,16301947474626.0,4671,621681.0495670650,7836,1,140243372,182239565.0,7
1694400,7836,16302114331212.0,4671,627469.0382710680,7836,1,140243372,182240547.0,7
1694400,7836,16302281212512.0,4671,626144.16916733,7836,1,140243372,182241358.0,7
1694400,7836,16304597175208.0,4671,1249033.6701406700,7836,1,140418531,182249364.0,7
1694400,7836,16304597175208.0,4671,1249033.6701406700,7836,1,140468509,182249364.0,7
1694400,7836,16304934343734.0,4671,1253506.9191035800,7836,1,140518506,182250265.0,7
1694400,7836,16306426171242.0,4671,1207036.8232821900,7836,1,140636631,182255593.0,7
1694400,7836,16306761112592.0,4671,1216503.7334205900,7836,1,140649314,182256577.0,7
1694400,7836,16307096305790.0,4671,1206079.094048690,7836,1,140662056,182257649.0,7
1694400,7836,16307431129358.0,4671,1211552.8648603400,7836,1,140674826,182258587.0,7
1694400,7836,16307764820276.0,4671,1203909.3986271700,7836,1,140687609,182259643.0,7
1694400,7835,16310107922106.0,4671,1214148.5305283600,7835,1,140765489,182266725.0,8
1694400,7835,16310127816584.0,4671,658283.7983184120,7835,1,140765489,182267784.0,8
1694400,7835,16310127816584.0,4671,630088.6814403200,7835,1,140765489,182268595.0,8
1694400,7835,16310127816584.0,4671,626981.8392575650,7835,1,140765489,182269520.0,8
1694400,7835,16310127816584.0,4671,625106.6986443290,7835,1,140765489,182270331.0,8
1694401,7836,16311672259236.0,4671,1208743.5186510100,7836,1,140837988,182276418.0,8