n_/devices/modules/Cisco-IOS-XE-bgp-oper/bgp-state-data/address-families/address-family/activities/prefixes,n_/devices/modules/Cisco-IOS-XE-bgp-oper/bgp-state-data/neighbors/neighbor/prefix-activity/sent/current-prefixes,v_/ports#link-tr-ssm-b-1-y/metrics/network-outgoing-bytes,n_/devices/modules/Cisco-IOS-XE-bgp-oper/bgp-state-data/address-families/address-family/as-path/total-entries,v_/ports#link-intgw-exgw-a-3-x/metrics/network-outgoing-bytes-rate,n_/devices/modules/Cisco-IOS-XE-bgp-oper/bgp-state-data/address-families/address-family/prefixes/total-entries,v_/devices#RR-01/power_state,n_/devices/modules/Cisco-IOS-XE-interfaces-oper/interfaces/interface/diffserv-info/diffserv-target-classifier-stats/queuing-stats/drop-pkts,v_/ports#link-tr-intgw-a-3-x/metrics/network-incoming-bytes,n_/devices/modules/Cisco-IOS-XE-bgp-oper/bgp-state-data/neighbors/neighbor/prefix-activity/sent/explicit-withdraw,p_/computes0/metrics/compute-node/compute-node-cpu-idle-percent,v_/ports#TR-02/metrics/network-outgoing-packets,v_/ports#TR-01/metrics/network-outgoing-packets,v_/ports#link-intgw-exgw-b-1-x/metrics/network-outgoing-bytes-rate,v_/ports#link-tr-intgw-a-2-x/metrics/network-outgoing-bytes
1663761,7836,13781441140548.0,3114,1197857.171021220,7836,1,36485094,172993013.0,4,64.0,12219958.0,14703494.0,1241235.574223940,18239050035194.0
1663761,7836,13781718203750.0,3114,1197857.171021220,7836,1,36485094,172993795.0,4,64.0,12220032.0,14703578.0,1249803.2453251400,18239220825716.0
1663761,7836,13781997946656.0,3114,1211709.0322943800,7836,1,36485094,172994593.0,4,64.0,12220103.0,14703663.0,1254093.8104216100,18239392591330.0
1663761,7836,13782275632754.0,3114,1204602.4646396900,7836,1,36485094,172995277.0,4,63.0,12220179.0,14703755.0,1247099.6609926900,18239563239986.0
1663761,7836,13782553223286.0,3114,1197877.5294588100,7836,1,36485094,172995961.0,4,64.0,12220250.0,14703842.0,1239629.4095370500,18239734115062.0
1663761,7836,13784503451664.0,3114,1209960.7830290700,7836,1,36576461,173000391.0,4,63.0,12220698.0,14704380.0,1251568.3445638100,18240760802204.0
1663761,7836,13784782038426.0,3114,1202241.04272394,7836,1,36650862,173001075.0,4,64.0,12220769.0,14704467.0,1242155.0752458200,18240931432920.0
1663761,7836,13785060832500.0,3114,1205034.3467484200,7836,1,36725296,173001873.0,4,64.0,12220843.0,14704552.0,1246172.1096475900,18241102130502.0
1663761,7836,13785341342168.0,3114,1227106.779400130,7836,1,36774899,173002557.0,4,64.0,12220919.0,14704645.0,1250162.0544775800,18241273717202.0
1663761,7836,13785619959784.0,3114,1244304.4834678900,7836,1,36786050,173003241.0,4,64.0,12220991.0,14704732.0,1245098.658215200,18241444344342.0
1663761,7836,13787571843296.0,3114,775876.2874057880,7836,1,36871390,173007789.0,4,63.0,12221438.0,14705262.0,1249176.416523150,18242470951710.0
1663761,7836,13787851664648.0,3114,775876.2874057880,7836,1,36945963,173008641.0,4,64.0,12221511.0,14705350.0,1249176.416523150,18242642243088.0
1663761,7836,13788130469366.0,3114,0.0,7836,1,36992302,173009443.0,4,64.0,12221583.0,14705437.0,1242844.024301500,18242812384010.0
1663761,7836,13788408585890.0,3114,0.0,7836,1,37003557,173010241.0,4,64.0,12221658.0,14705527.0,1250834.4180210100,18242983656136.0
1663761,7836,13788690106654.0,3114,0.0,7836,1,37014705,173010925.0,4,64.0,12221730.0,14705614.0,1249369.9045241600,18243155098604.0
1663761,7836,13790664503792.0,4671,1133759.3122965500,7836,1,37081363,173016313.0,5,64.0,12222163.0,14706132.0,1252754.3001269700,18244203105642.0
1663761,7836,13791078704648.0,4671,649497.2158313340,7836,1,37081363,173017075.0,5,65.0,12222233.0,14706217.0,1245613.4099400700,18244538141972.0
1663761,7836,13791491280488.0,4671,652984.270658416,7836,1,37081363,173017759.0,5,65.0,12222303.0,14706304.0,1252562.8135734200,18244872924290.0
1663761,7836,13791904144582.0,4671,645370.8563962120,7836,1,37081363,173018557.0,5,65.0,12222380.0,14706395.0,1241951.8544644700,18245208042866.0
1663761,7836,13792317177982.0,4671,648382.3313801390,7836,1,37081363,173019241.0,5,65.0,12222452.0,14706482.0,1246395.0462552700,18245542896704.0
1663761,7836,13794428467252.0,4671,1217734.427802920,7836,1,37139984,173023883.0,6,64.0,12222892.0,14707013.0,1255537.9068226700,18246771619918.0
1663761,7836,13794608786156.0,4671,664082.7850726040,7836,1,37141732,173025086.0,6,64.0,12222965.0,14707099.0,1240122.1911663600,18246939108850.0
1663761,7836,13794777236132.0,4671,629007.0094340970,7836,1,37141732,173026029.0,6,65.0,12223037.0,14707184.0,1252027.2802634500,18247106833568.0
1663761,7836,13794944830600.0,4671,625102.8449840810,7836,1,37141732,173026954.0,6,65.0,12223114.0,14707276.0,1246648.5232101400,18247274548766.0
1663761,7836,13795115184830.0,4671,626503.8468787650,7836,1,37141732,173027765.0,6,65.0,12223184.0,14707362.0,1247577.5848465600,18247442347290.0
1663761,7836,13795281696510.0,4671,624031.8041221450,7836,1,37141732,173028654.0,6,64.0,12223257.0,14707450.0,1244369.8881388800,18247609998116.0
1663761,7836,13797171231680.0,4671,1205000.4712481000,7836,1,37211325,173033879.0,6,64.0,12223687.0,14707971.0,347477.1224486980,18248615564946.0
1663761,7836,13797449394440.0,4671,1217543.6780015300,7836,1,37223990,173034563.0,6,64.0,12223759.0,14708057.0,0.0,18248783674786.0
1663761,7836,13797726396166.0,4671,1209338.5984069700,7836,1,37236555,173035361.0,6,64.0,12223836.0,14708149.0,0.0,18248951420952.0
1663761,7836,13798002243572.0,4671,1214851.7446601900,7836,1,37249222,173036045.0,6,64.0,12223907.0,14708235.0,0.0,18249118629526.0
1663761,7836,13798279972032.0,4671,1205497.213048920,7836,1,37262015,173036839.0,6,64.0,12223978.0,14708320.0,0.0,18249286484184.0
1663761,7836,13800224461354.0,4671,1211606.6053135700,7836,1,37338178,173041799.0,6,63.0,12224424.0,14708855.0,1098076.4663027200,18250292764784.0
1663761,7836,13800502472520.0,4671,1203419.30976865,7836,1,37350863,173042597.0,6,62.0,12224494.0,14708944.0,1239081.4639679100,18250459818422.0
1663761,7836,13800782380650.0,4671,1213216.164746300,7836,1,37363544,173043281.0,6,64.0,12224571.0,14709035.0,1250663.4820992600,18250627842234.0
1663761,7836,13801061535786.0,4671,1211959.161655290,7836,1,37376281,173044079.0,6,64.0,12224642.0,14709121.0,1250356.426978460,18250795490566.0
1663761,7836,13801340974592.0,4671,1214369.1023650700,7836,1,37389037,173044763.0,6,64.0,12224712.0,14709206.0,1251673.3077277600,18250963571708.0
1663761,7836,13803287895510.0,4671,1210972.854912950,7836,1,37465074,173049349.0,6,63.0,12225159.0,14709744.0,1247195.2006465300,18251969772312.0
1663761,7836,13803565035580.0,4671,1207493.9414687500,7836,1,37477774,173050033.0,6,64.0,12225232.0,14709833.0,1242609.7865981,18252136898638.0
1663761,7836,13803845186666.0,4671,1218922.6633792600,7836,1,37490503,173050717.0,6,64.0,12225308.0,14709923.0,1256076.687923300,18252304961876.0
1663761,7836,13804121943076.0,4671,1207823.1222647500,7836,1,37503235,173051515.0,6,64.0,12225380.0,14710010.0,1157067.9155049900,18252472522000.0
1663761,7836,13804401036896.0,4671,1205913.7412587800,7836,1,37516010,173052277.0,6,64.0,12225450.0,14710097.0,1243156.5518643800,18252639928580.0
1663761,7836,13806366136996.0,4671,1206530.725838880,7836,1,37591921,173057439.0,6,64.0,12225894.0,14710626.0,1252571.4389342100,18253634978378.0
1663761,7836,13806786332518.0,4671,1248977.1576213700,7836,1,37641351,173058201.0,6,64.0,12225967.0,14710714.0,743173.3259540020,18253634980770.0
1663761,7836,13807198720768.0,4671,1250860.37448132,7836,1,37690758,173058885.0,6,65.0,12226038.0,14710801.0,744288.554701773,18253634981430.0
1663761,7836,13807611921288.0,4671,1242322.643399610,7836,1,37740319,173059683.0,6,65.0,12226114.0,14710891.0,739971.8833266130,18253634982090.0
1663761,7836,13808026491702.0,4671,1247277.4448724100,7836,1,37789591,173060477.0,6,65.0,12226187.0,14710977.0,740823.1039605880,18253634982860.0
1663761,7836,13810338359492.0,4671,1238831.117355200,7836,1,37964814,173066492.0,6,64.0,12226687.0,14711583.0,796815.4718658730,18254552539417.0
1663761,7836,13810505956554.0,4671,1245451.104439170,7836,1,38015118,173067303.0,6,65.0,12226759.0,14711669.0,725555.0367117330,18254718211540.0
1663761,7836,13810669994444.0,4671,1248254.7014768000,7836,1,38065233,173068114.0,6,65.0,12226835.0,14711760.0,726219.2048707970,18254883644071.0
1663761,7836,13810836671430.0,4671,1245417.605694080,7836,1,38115275,173069263.0,6,64.0,12226905.0,14711846.0,723830.8310588900,18255048960030.0
1663761,7836,13811002729970.0,4671,1250878.5569906200,7836,1,38165382,173070074.0,6,64.0,12226975.0,14711932.0,727636.796217258,18255215242571.0
1663761,7836,13812907990012.0,4671,1210993.9091863800,7836,1,38264601,173074535.0,6,63.0,12227420.0,14712469.0,1239633.5179595200,18256208827490.0
1663761,7836,13813242634922.0,4671,1228043.7066874400,7836,1,38276979,173074535.0,6,63.0,12227491.0,14712556.0,1239633.5179595200,18256374748614.0
1663761,7836,13813577205926.0,4671,1211730.0927688400,7836,1,38289282,173074535.0,6,64.0,12227567.0,14712646.0,1241005.1965709200,18256540626826.0
1663761,7836,13813912175424.0,4671,1222227.106052330,7836,1,38301685,173074535.0,6,64.0,12227638.0,14712732.0,1252355.7658509400,18256706681564.0
1663761,7836,13814245638152.0,4671,1211429.8686028700,7836,1,38314107,173074535.0,6,64.0,12227709.0,14712820.0,1252355.7658509400,18256871999650.0
1663761,7836,13816251312674.0,4671,1220573.9213916900,7836,1,38388616,173080558.0,6,63.0,12228140.0,14713343.0,1249881.8447336600,18257866279084.0
1663761,7836,13816585367328.0,4671,1215647.4143703600,7836,1,38401081,173081688.0,6,63.0,12228211.0,14713428.0,1246996.663656350,18258031868087.0
1663761,7836,13816919833794.0,4671,1211287.5744281600,7836,1,38413546,173082704.0,6,63.0,12228290.0,14713519.0,1242986.9281732500,18258197678628.0
1663761,7836,13817253361010.0,4671,1216381.0248543600,7836,1,38425977,173083720.0,6,64.0,12228360.0,14713605.0,1247334.8738671900,18258363002797.0
1663761,7836,13817587689546.0,4671,1215469.0363065900,7836,1,38438422,173084772.0,6,64.0,12228433.0,14713690.0,1248047.9322514500,18258528782314.0
1663761,7836,13819624878850.0,4671,1074396.096591680,7836,1,38510762,173090077.0,6,64.0,12228878.0,14714418.0,1243048.7471422300,18259564334905.0
1663761,7836,13820037758224.0,4671,642160.9372605650,7836,1,38510762,173090895.0,6,65.0,12228948.0,14714504.0,1243270.2473609400,18259898952885.0
1663761,7836,13820449938842.0,4671,645714.5093590620,7836,1,38510762,173091811.0,6,65.0,12229023.0,14714594.0,1253314.707840920,18260233452727.0
1663761,7836,13820862153692.0,4671,639671.1126179590,7836,1,38510762,173092495.0,6,65.0,12229093.0,14714679.0,1238472.168453550,18260568706987.0
1663761,7836,13821276649564.0,4671,644769.7628229930,7836,1,38510762,173093179.0,6,65.0,12229165.0,14714765.0,1249876.0670140200,18260904576319.0
1663761,7836,13823374716126.0,4671,1221564.677811770,7836,1,38568034,173097989.0,6,63.0,12229615.0,14715696.0,1231669.513735150,18262103857381.0
1663761,7836,13823797076878.0,4671,1238702.8768747300,7836,1,38615915,173098885.0,6,65.0,12229685.0,14715782.0,742863.6631037020,18262103857381.0
1663761,7836,13824212181836.0,4671,1252245.508682570,7836,1,38664935,173099683.0,6,65.0,12229762.0,14715873.0,751670.9118505650,18262103857381.0
1663761,7836,13824625786414.0,4671,1248905.328781660,7836,1,38709830,173100445.0,6,64.0,12229832.0,14715960.0,748986.2294278890,18262103857381.0
1663761,7836,13825038330140.0,4671,1240740.664581720,7836,1,38755546,173101129.0,6,65.0,12229904.0,14716045.0,745436.8808569090,18262103857381.0
1663761,7836,13827484604884.0,4671,1215675.043228260,7836,1,38891836,173108135.0,6,64.0,12230418.0,14717042.0,1250601.9340280500,18263053877335.0
1663761,7836,13827819275598.0,4671,1214476.2822014600,7836,1,38904157,173108975.0,6,63.0,12230489.0,14717127.0,1248856.150618880,18263221747379.0
1663761,7836,13828152160846.0,4671,1209059.8503968500,7836,1,38916407,173109635.0,6,64.0,12230565.0,14717219.0,1248856.150618880,18263388773711.0
1663761,7836,13828487723946.0,4671,1218332.3193247200,7836,1,38928749,173110295.0,6,64.0,12230636.0,14717306.0,1253683.6368200600,18263557145587.0
1663761,7836,13828820594010.0,4671,1209809.1516865700,7836,1,38941036,173111065.0,6,64.0,12230706.0,14717391.0,1243553.2599727300,18263724108519.0
1663761,7835,13830887725278.0,4671,852045.1139682930,7835,1,39008042,173117335.0,7,64.0,12231138.0,14718296.0,932326.8588958360,18264626035697.0
1663761,7835,13831301644976.0,4671,643972.0437103930,7835,1,39008042,173118260.0,7,67.0,12231216.0,14718390.0,749427.4146334510,18264626036622.0
1663761,7835,13831714973116.0,4671,642456.6960421510,7835,1,39008042,173119071.0,7,67.0,12231287.0,14718475.0,746304.6336089630,18264626037433.0
1663761,7835,13832130113378.0,4671,646117.1451088490,7835,1,39008042,173119936.0,7,67.0,12231357.0,14718561.0,751581.4216396860,18264626038298.0
1663761,7835,13832543398956.0,4671,643301.449655354,7835,1,39008042,173120861.0,7,67.0,12231428.0,14718648.0,747394.0774684530,18264626039109.0
1663762,7836,13834609480766.0,4671,1215344.6101609200,7836,1,39073424,173126618.0,7,64.0,12231872.0,14719560.0,1249478.250291920,18265526203346.0
1663762,7836,13834944615838.0,4671,1219573.1168743000,7836,1,39085664,173127749.0,7,63.0,12231944.0,14719647.0,1252861.5973180600,18265694339411.0
1663762,7836,13835277948356.0,4671,1210320.5085911000,7836,1,39098026,173128560.0,7,63.0,12232020.0,14719736.0,1243673.1800671000,18265861601776.0
1663762,7836,13835612922610.0,4671,1216790.06047572,7836,1,39110276,173129469.0,7,63.0,12232091.0,14719821.0,1249937.1902755400,18266029657977.0
1663762,7836,13835946470670.0,4671,1212468.3802213800,7836,1,39122636,173130394.0,7,64.0,12232164.0,14719910.0,1246193.786325740,18266196950028.0
1663762,7836,13837917369094.0,4671,1092034.6151379700,7836,1,39194584,173136423.0,7,63.0,12232793.0,14720628.0,1243575.3700821500,18267203365781.0
1663762,7836,13838087073354.0,4671,623351.4490245440,7836,1,39194584,173137631.0,7,64.0,12232863.0,14720714.0,1243449.4965099300,18267370946622.0
1663762,7836,13838253046892.0,4671,628636.3049065890,7836,1,39194584,173138679.0,7,64.0,12232938.0,14720805.0,1252963.3010375300,18267538754919.0
1663762,7836,13838422377472.0,4671,623875.0526611590,7836,1,39194584,173139617.0,7,64.0,12233009.0,14720892.0,1252963.3010375300,18267705721554.0
1663762,7836,13838590667044.0,4671,627140.8959943500,7836,1,39194584,173140820.0,7,65.0,12233079.0,14720977.0,1249356.3073495100,18267874029287.0
1663762,7836,13840370298760.0,4671,1209295.6745343900,7836,1,39250878,173147099.0,7,63.0,12233916.0,14721495.0,1249163.8042496100,18268880233583.0
1663762,7836,13840534289218.0,4671,1244241.4031395000,7836,1,39298726,173147988.0,7,64.0,12233988.0,14721582.0,727891.6263801320,18269047674826.0
1663762,7836,13840702070690.0,4671,1246172.1740795000,7836,1,39348826,173148872.0,7,65.0,12234063.0,14721674.0,727930.6731517450,18269215210118.0
1663762,7836,13840866560206.0,4671,1249200.160667760,7836,1,39398765,173149683.0,7,65.0,12234134.0,14721760.0,728279.7578625480,18269383131545.0
1663762,7836,13841032178970.0,4671,1246807.6723149100,7836,1,39448660,173150608.0,7,64.0,12234205.0,14721846.0,727346.5914185870,18269550166238.0
1663762,7836,13843135490732.0,4671,1208491.618262130,7836,1,39592816,173157735.0,7,64.0,12235116.0,14722466.0,1246943.062081330,18270724303204.0
1663762,7836,13843469805290.0,4671,1212893.3782027000,7836,1,39605584,173158746.0,7,64.0,12235191.0,14722556.0,1252060.5400552400,18270892043466.0
1663762,7836,13843804701810.0,4671,1205111.9856885900,7836,1,39618376,173159930.0,7,63.0,12235265.0,14722643.0,1242601.749850940,18271060078399.0
1663762,7836,13844137957546.0,4671,1204302.1530114400,7836,1,39631269,173160868.0,7,63.0,12235336.0,14722732.0,1243477.941894460,18271227214298.0
1663762,7836,13844472485472.0,4671,1208821.1065483500,7836,1,39644049,173161806.0,7,64.0,12235407.0,14722817.0,1246349.9296371200,18271395071357.0
1663762,7835,13846279535190.0,4671,862531.9038426100,7835,1,39713860,173167406.0,8,63.0,12236230.0,14723350.0,938059.6719206560,18272401049898.0
1663762,7835,13846279535190.0,4671,626635.6348538880,7835,1,39713860,173168090.0,8,65.0,12236306.0,14723439.0,938059.6719206560,18272568808008.0
1663762,7835,13846279535190.0,4671,625206.7059184210,7835,1,39713860,173168888.0,8,66.0,12236376.0,14723525.0,727818.0916598340,18272736427732.0
1663762,7835,13846279535190.0,4671,630419.9020896630,7835,1,39713860,173169642.0,8,66.0,12236447.0,14723611.0,732841.6597272960,18272903793560.0
1663762,7835,13846279535190.0,4671,624304.816360986,7835,1,39713860,173170424.0,8,66.0,12236517.0,14723697.0,725867.1097996580,18273071782972.0
1663763,7836,13848047548876.0,4671,1206256.1924061400,7836,1,39782134,173175582.0,8,64.0,12237337.0,14724215.0,1243878.8456312300,18274077537202.0
1663763,7836,13848382764092.0,4671,1215212.9279582000,7836,1,39794827,173176344.0,8,63.0,12237414.0,14724308.0,1252722.673975220,18274245721062.0
1663763,7836,13848717585698.0,4671,1212203.575991660,7836,1,39807683,173177142.0,8,64.0,12237484.0,14724394.0,1251550.6219885400,18274413731762.0
1663763,7836,13849050662076.0,4671,1202317.920756690,7836,1,39820445,173177826.0,8,64.0,12237556.0,14724480.0,1240085.2775676800,18274580788862.0
1663763,7836,13849384421610.0,4671,1213356.9016862400,7836,1,39833176,173178510.0,8,63.0,12237626.0,14724567.0,1249527.306040500,18274748250050.0
1668727,7836,14399769912270.0,4671,1209742.0032306800,7836,1,61949170,175315825.0,4,63.0,12363230.0,14875354.0,1248876.3799439700,18564509594487.0
1668727,7836,14400201117308.0,3114,1212421.305521440,7836,1,61949170,175316967.0,4,64.0,12363269.0,14875400.0,1249033.2659709400,18564766388344.0
1668727,7836,14400478501062.0,3114,1231670.6578768700,7836,1,61949170,175317729.0,4,64.0,12363390.0,14875543.0,1251430.8806835100,18564938245628.0
1668727,7836,14400754610736.0,3114,1243742.0290845700,7836,1,61949170,175318155.0,4,64.0,12363462.0,14875630.0,1244711.0187258000,18565109951646.0
1668727,7836,14401030731854.0,3114,1247109.5407440600,7836,1,61949170,175319379.0,4,64.0,12363535.0,14875714.0,1247803.9778416900,18565281302444.0
1668727,7836,14402964278866.0,4671,1203479.377826080,7836,1,62005586,175323597.0,4,63.0,12363926.0,14876193.5,1241921.6085387900,18566308939512.0
1668727,7836,14403103599768.0,3114,1203633.712036400,7836,1,62078993,175324395.0,4,64.0,12364032.0,14876322.0,1241798.634188050,18566394956958.0
1668727,7836,14403519443616.0,3114,1208016.7760974900,7836,1,62152439,175325157.0,4,64.0,12364108.0,14876413.0,1246098.183268050,18566651922290.0
1668727,7836,14403797520660.0,3114,1209172.6580583200,7836,1,62226057,175325975.0,4,64.0,12364178.0,14876497.0,1248585.3023253000,18566823975160.0
1668727,7836,14403935666110.0,3114,1210931.1685532600,7836,1,62299460,175326374.0,4,64.0,12364214.0,14876540.5,1250308.8762652200,18566909391299.0
1668727,7836,14406010501848.0,4671,1211099.0187528900,7836,1,62360821,175331183.0,4,63.0,12364681.0,14877108.0,1252388.3721867900,18568023460470.0
1668727,7836,14406289133554.0,3114,64536.22435731410,7836,1,62428283,175331525.0,4,64.0,12364718.0,14877154.0,1238935.8691884800,18568194306938.0
1668727,7836,14406567110642.0,3114,0.0,7836,1,62475458,175332551.0,4,64.0,12364840.0,14877295.0,1248225.190421780,18568365706494.0
1668727,7836,14406705009791.0,3114,0.0,7836,1,62485068,175333235.0,4,64.0,12364910.0,14877379.0,1250758.2270993400,18568451397389.0
1668727,7836,14407122327228.0,3114,0.0,7836,1,62494730,175333577.0,4,64.0,12364983.0,14877463.0,1245571.2377330500,18568708785840.0
1668727,7836,14407260678758.0,3114,0.0,7836,1,62550969,175334827.0,4,63.0,12365019.0,14877506.0,1249283.9320725500,18568794665069.0
1668727,7836,14409240215532.0,4671,1002091.7001886700,7836,1,62636078,175340163.0,5,63.0,12365491.0,14878070.0,1246673.1155842600,18569880977574.0
1668727,7836,14409855262744.0,4671,633072.9098298320,7836,1,62636078,175340847.0,5,64.0,12365528.5,14878115.0,1252802.8560543600,18570360606784.0
1668727,7836,14410267982216.0,4671,624510.3549283160,7836,1,62636078,175341273.0,5,65.0,12365636.0,14878247.0,1237781.0169610700,18570695235538.0
1668727,7836,14410681604848.0,4671,624510.3549283160,7836,1,62636078,175342615.0,5,65.0,12365706.0,14878334.0,1237781.0169610700,18571031219420.0
1668727,7836,14410887922862.0,4671,631230.6136686960,7836,1,62636078,175343377.0,5,65.0,12365777.0,14878419.0,1250068.882587210,18571198480059.0
1668727,7836,14413066875492.0,4671,918235.0476562910,7836,1,62689573,175347692.0,6,63.0,12366210.0,14878946.0,1240654.8634913900,18572514384408.0
1668727,7836,14413149769034.0,4671,918235.0476562910,7836,1,62689573,175349198.0,6,64.0,12366298.0,14879044.0,1246907.2064640800,18572599477561.0
1668727,7836,14413397868486.0,4671,628888.8590003530,7836,1,62689573,175350196.0,6,64.0,12366334.5,14879088.0,1235353.2926658400,18572855064350.0
1668727,7836,14413481666176.0,4671,634467.2204972400,7836,1,62689573,175351007.0,6,64.0,12366443.0,14879217.0,1246639.8137395300,18572940669421.0
1668727,7836,14413730622392.0,4671,634467.2204972400,7836,1,62689573,175351451.5,6,64.0,12366515.0,14879302.0,1246639.8137395300,18573196871942.0
1668727,7836,14415566959784.0,4671,1216099.342414860,7836,1,62750316,175357079.0,6,63.0,12366945.0,14879834.0,1247675.0914493700,18574221311646.0
1668727,7836,14415843187930.0,4671,1213740.0631700600,7836,1,62762092,175357763.0,6,64.0,12367020.0,14879934.0,0.0,18574391489516.0
1668727,7836,14415981810916.0,4671,1217789.3000097200,7836,1,62774002,175358162.0,6,64.0,12367055.5,14879976.5,0.0,18574477156514.0
1668727,7836,14416397493010.0,4671,1213984.184902490,7836,1,62785873,175359245.0,6,64.0,12367161.0,14880106.0,0.0,18574733436348.0
1668727,7836,14416536005657.0,4671,1217998.97704288,7836,1,62797610,175360039.0,6,64.0,12367233.0,14880193.0,0.0,18574818889437.0
1668727,7836,14418607745786.0,4671,1214926.8698549300,7836,1,62868606,175364693.0,6,63.0,12367632.0,14880666.5,1246961.333610800,18575928492150.0
1668727,7836,14418884090402.0,4671,1214926.8698549300,7836,1,62880373,175365523.0,6,64.0,12367755.0,14880811.0,1246961.333610800,18576099238636.0
1668727,7836,14419160332458.0,4671,1217056.7369925900,7836,1,62892177,175366489.0,6,64.0,12367826.0,14880898.0,1247112.7598667900,18576269890988.0
1668727,7836,14419436274524.0,4671,1213541.2915436800,7836,1,62903919,175367173.0,6,64.0,12367898.0,14880983.0,1244234.3699312900,18576440354824.0
1668727,7836,14419712465974.0,4671,1213541.2915436800,7836,1,62915617,175367515.0,6,64.0,12367968.0,14881069.0,1244234.3699312900,18576610971350.0
1668727,7836,14421925352700.0,4671,1212888.827640670,7836,1,62998499,175373375.0,6,64.0,12368477.0,14881680.0,1251256.5183781200,18577805941492.0
1668727,7836,14422203950470.0,4671,1221036.9243876500,7836,1,63010260,175374059.0,6,64.0,12368548.0,14881765.0,1242293.48250693,18577977076424.0
1668727,7836,14422479895200.0,4671,1214444.9223810200,7836,1,63021944,175374743.0,6,64.0,12368619.0,14881851.0,1251549.9506974900,18578148005140.0
1668727,7836,14422757399596.0,4671,1211823.509301410,7836,1,63033799,175375505.0,6,64.0,12368692.0,14881939.0,1243534.3011986000,18578318158088.0
1668727,7836,14423034017498.0,4671,1216122.5157626200,7836,1,63045615,175375904.0,6,64.0,12368764.0,14882024.0,1248892.1063778600,18578489022436.0
1668727,7836,14424875068268.0,4671,1229177.8205831200,7836,1,63139496,175381191.0,6,63.0,12369212.0,14882559.0,1091177.7009318800,18579374094487.0
1668727,7836,14425487252406.0,4671,1242047.888781420,7836,1,63188410,175382067.0,6,64.0,12369282.0,14882645.0,745313.2058589910,18579405339668.0
1668727,7836,14425693773994.0,4671,1246017.4941051600,7836,1,63237471,175382751.0,6,64.0,12369354.0,14882730.0,747592.0247788400,18579405339998.0
1668727,7836,14426314575430.0,4671,1246479.7634017300,7836,1,63286445,175383545.0,6,64.0,12369427.0,14882816.0,747592.0247788400,18579405341098.0
1668727,7836,14426727588080.0,4671,1242802.502860380,7836,1,63335552,175384343.0,6,65.0,12369462.5,14882859.0,745985.6505269580,18579405341758.0
1668727,7836,14428715410202.0,4671,1227267.4999156700,7836,1,63446765,175389096.0,6,63.0,12369894.0,14883382.0,1250200.304928910,18580293389387.0
1668727,7836,14428882561102.0,4671,1245888.7199061700,7836,1,63495227,175390395.0,6,64.0,12370003.0,14883512.0,759180.1034259210,18580465017128.0
1668727,7836,14429045978590.0,4671,1240352.412989330,7836,1,63543513,175390800.5,6,64.0,12370074.0,14883599.0,755205.141471434,18580635720683.0
1668727,7836,14429130085638.0,4671,1248206.335767640,7836,1,63591975,175392017.0,6,65.0,12370109.0,14883641.5,760442.0132378830,18580721377669.5
1668727,7836,14429378436588.0,4671,1248206.335767640,7836,1,63640379,175392974.0,6,64.0,12370214.0,14883771.0,758001.664084945,18580977507109.0
1668727,7836,14431032073675.0,4671,1205708.7283120300,7836,1,63746709,175398007.0,6,63.0,12370659.0,14884306.0,1247052.639558380,18581918433232.0
1668727,7836,14431531135582.0,4671,1208275.5942499100,7836,1,63757910,175398007.0,6,63.0,12370696.0,14884349.5,1247052.639558380,18582175376730.0
1668727,7836,14431862341710.0,4671,1196535.699577590,7836,1,63769162,175398007.0,6,63.0,12370804.0,14884479.0,1239949.831345360,18582345931272.0
1668727,7836,14432195208266.0,4671,1207959.893024300,7836,1,63780269,175398007.0,6,63.0,12370875.0,14884565.0,1248646.0414134800,18582517313058.0
1668727,7836,14432526620962.0,4671,1201903.6753935400,7836,1,63791307,175398007.0,6,64.0,12370946.0,14884650.0,1243735.978449920,18582687942582.0
1668727,7836,14434519381224.0,4671,1210394.431722160,7836,1,63857991,175403061.5,6,63.0,12371378.0,14885192.0,1251524.1580563500,18583713955276.0
1668727,7836,14434852988920.0,4671,1214326.7170780900,7836,1,63869062,175404753.0,6,63.0,12371455.0,14885282.0,1255416.6327839800,18583885686723.0
1668727,7836,14435184242984.0,4671,1199040.8617116200,7836,1,63880219,175405691.0,6,63.0,12371528.0,14885368.0,1240932.931306750,18584056250928.0
1668727,7836,14435350093848.0,4671,1203961.8466680400,7836,1,63891249,175406821.0,6,63.0,12371599.0,14885455.0,1245453.6136569100,18584141639712.5
1668727,7836,14435848119446.0,4671,1199670.1894992400,7836,1,63902309,175407759.0,6,63.0,12371669.0,14885539.0,1242017.4365368500,18584398022900.0
1668727,7836,14438250051644.0,4671,779675.8777857080,7836,1,63971831,175414296.0,6,64.0,12372184.0,14886351.0,1245662.74628788,18585721908496.0
1668727,7836,14438663082336.0,4671,649612.9255755920,7836,1,63971831,175414980.0,6,64.0,12372256.0,14886438.0,1247459.182348090,18586056944734.0
1668727,7836,14439075890520.0,4671,647523.4567895060,7836,1,63971831,175415664.0,6,65.0,12372327.0,14886524.0,1243694.8314783100,18586391626834.0
1668727,7836,14439488518878.0,4671,645806.4555935570,7836,1,63971831,175416348.0,6,65.0,12372398.0,14886610.0,1242068.8344324100,18586726137286.0
1668727,7836,14439903372352.0,4671,652794.5381502030,7836,1,63971831,175416747.0,6,65.0,12372469.0,14886694.0,1253885.6050880500,18587062564474.0
1668727,7836,14442014950424.0,4671,1224069.5969168200,7836,1,64048435,175422048.0,6,64.0,12372871.0,14887468.0,962028.7156799370,18588117392404.0
1668727,7836,14442427884538.0,4671,1244404.1878724100,7836,1,64097861,175422390.0,6,65.0,12372982.0,14887696.0,738546.3482952940,18588117392404.0
1668727,7836,14442841561078.0,4671,1247314.1292214600,7836,1,64147324,175423706.0,6,65.0,12373052.0,14887783.0,740973.5201684140,18588117392404.0
1668727,7836,14443048242780.0,4671,1250213.423431780,7836,1,64196854,175424390.0,6,65.0,12373088.5,14887827.0,742755.7240406060,18588117392404.0
1668727,7836,14443669356662.0,4671,1250213.423431780,7836,1,64246365,175425188.0,6,65.0,12373196.0,14887958.0,742755.7240406060,18588117392404.0
1668727,7836,14445736777072.0,4671,1209231.5355314900,7836,1,64353958,175430974.0,6,63.0,12373651.0,14888888.0,1242369.5898292800,18588986850170.0
1668727,7836,14445902713543.0,4671,1219883.089150280,7836,1,64366174,175432628.0,6,63.0,12373686.0,14888931.5,1253390.710934050,18589072158500.0
1668727,7836,14446400373408.0,4671,1209533.568496780,7836,1,64378476,175433288.0,6,63.0,12373792.0,14889063.0,1244096.8392348000,18589327936736.0
1668727,7836,14446732507222.0,4671,1207946.741470200,7836,1,64390727,175434018.0,6,63.0,12373862.0,14889148.0,1241069.5004769100,18589498592582.0
1668727,7836,14447065787124.0,4671,1215437.7783027000,7836,1,64402894,175434403.0,6,62.0,12373932.0,14889234.0,1248926.0945066800,18589669897970.0
1668727,7835,14448904602126.0,4671,1176957.0285545000,7835,1,64474887,175441250.0,7,63.0,12374367.0,14890150.0,1214148.3120550900,18590596190091.0
1668727,7835,14449495076536.0,4671,647018.3299853170,7835,1,64474887,175442061.0,7,64.0,12374438.0,14890235.0,737341.3324188290,18590669318443.0
1668727,7835,14449701270257.0,4671,648427.8606401030,7835,1,64474887,175442986.0,7,67.0,12374509.0,14890320.0,739389.9908568160,18590669318848.5
1668727,7835,14450322140764.0,4671,650148.4226207750,7835,1,64474887,175443430.5,7,67.0,12374579.0,14890406.0,740643.8086475920,18590669320143.0
1668727,7835,14450735827276.0,4671,650148.4226207750,7835,1,64474887,175444686.0,7,66.0,12374650.0,14890493.0,739792.2825765460,18590669321068.0
1668728,7836,14452821664016.0,4671,1213719.0677788500,7836,1,64535662,175449739.0,7,63.0,12375064.0,14891182.5,1247264.3985056100,18591516922437.0
1668728,7836,14452987735701.0,4671,1213649.7342575800,7836,1,64547979,175451384.0,7,63.0,12375175.0,14891509.0,1246991.5891614600,18591602271488.5
1668728,7836,14453487350704.0,4671,1218698.8623428500,7836,1,64560161,175451885.5,7,63.0,12375246.0,14891594.0,1252551.6038895900,18591859048909.0
1668728,7836,14453819687314.0,4671,1218698.8623428500,7836,1,64572463,175453198.0,7,63.0,12375281.5,14891637.5,1252551.6038895900,18592029836018.0
1668728,7836,14454151289818.0,4671,1211671.3546746600,7836,1,64584785,175454009.0,7,63.0,12375389.0,14891768.0,1245993.221983760,18592200224885.0
1668728,7836,14454483286692.0,4671,1216054.2226999600,7836,1,64597005,175454510.5,7,63.0,12375424.5,14891811.0,1241805.346622250,18592370847482.0
1668728,7836,14456356574840.0,4671,792202.0946188260,7836,1,64661799,175461183.0,7,64.0,12376093.0,14892594.0,1250346.4396777200,18593395511427.0
1668728,7836,14456521394174.0,4671,633512.1280011030,7836,1,64661799,175462358.0,7,64.0,12376129.0,14892636.0,1245786.715264060,18593566261694.0
1668728,7836,14456689102022.0,4671,633557.4704172890,7836,1,64661799,175463350.0,7,64.0,12376235.0,14892764.0,1243456.4087108400,18593736525455.0
1668728,7836,14456771971074.0,4671,635620.2974875590,7836,1,64661799,175464402.0,7,64.0,12376307.0,14892851.0,1247876.648535520,18593822099540.5
1668728,7836,14457021229176.0,4671,635620.2974875590,7836,1,64661799,175465340.0,7,64.0,12376377.0,14892937.0,1247876.648535520,18594077974285.0
1668728,7836,14458686885528.0,4671,1227302.0014687300,7836,1,64742667,175471763.0,7,64.0,12377218.0,14893476.0,1116426.8676750900,18595016999612.5
1668728,7836,14458976280682.0,4671,1246448.660415600,7836,1,64792265,175472652.0,7,64.0,12377289.0,14893563.0,1116426.8676750900,18595272642233.0
1668728,7836,14459140546734.0,4671,1240677.9578012500,7836,1,64841712,175473057.5,7,64.0,12377324.5,14893606.0,734054.716615367,18595443678356.0
1668728,7836,14459307851616.0,4671,1240677.9578012500,7836,1,64891393,175474388.0,7,65.0,12377431.0,14893733.0,734054.716615367,18595614251983.0
1668728,7836,14459474222294.0,4671,1249907.6858984600,7836,1,64940941,175474820.5,7,64.0,12377502.0,14893819.0,740131.5194962030,18595785380058.0
1668728,7836,14461323043846.0,4671,1215878.5620418400,7836,1,65044265,175480638.5,7,63.0,12378331.0,14894343.0,1248830.2553692200,18596809863656.0
1668728,7836,14461655007100.0,4671,1212680.9494641900,7836,1,65056600,175482323.0,7,64.0,12378401.0,14894429.0,1247113.4569504800,18596980471985.0
1668728,7836,14461986792962.0,4671,1205869.1796495300,7836,1,65068927,175483407.0,7,63.0,12378474.0,14894516.0,1240169.3034761300,18597151012309.0
1668728,7836,14462319100682.0,4671,1217606.0128082100,7836,1,65081170,175484345.0,7,63.0,12378545.0,14894603.0,1250355.310142760,18597321754122.0
1668728,7836,14462651685744.0,4671,1212876.4443116100,7836,1,65093449,175485397.0,7,63.0,12378616.0,14894688.0,1247363.9159067800,18597492647205.0
1668728,7835,14464610129922.0,4671,1155712.4284849900,7835,1,65165910,175491047.0,8,64.0,12379318.5,14895177.0,1195461.8446369600,18598516791888.0
1668728,7835,14464610129922.0,4671,1155712.4284849900,7835,1,65165910,175491845.0,8,66.0,12379524.0,14895310.0,737702.2934855080,18598687311748.0
1668728,7835,14464610129922.0,4671,636215.7086260950,7835,1,65165910,175492529.0,8,66.0,12379594.0,14895395.0,738285.7537044590,18598858458600.0
1668728,7835,14464610129922.0,4671,636284.8725753470,7835,1,65165910,175493311.0,8,66.0,12379665.0,14895480.0,739974.3111119010,18599029047788.0
1668728,7835,14464610129922.0,4671,631961.1646119510,7835,1,65165910,175493653.0,8,66.0,12379737.0,14895567.0,732983.5075527300,18599199099192.0
1668729,7836,14466515554534.0,4671,1208341.4667699400,7836,1,65237080,175500281.0,8,63.0,12380639.0,14896176.0,1240635.249851380,18600394108036.0
1668729,7836,14466848761050.0,4671,1208341.4667699400,7836,1,65249227,175500965.0,8,63.0,12380710.0,14896262.0,1240635.249851380,18600565361090.0
1668729,7836,14467014924670.0,4671,1217094.5298608600,7836,1,65261496,175501649.0,8,63.0,12380782.0,14896347.0,1250416.5399897500,18600650744392.0
1668729,7836,14467513316078.0,4671,1211121.1314174800,7836,1,65273712,175502447.0,8,63.0,12380852.0,14896433.0,1244651.6381577200,18600906885954.0
1668729,7836,14467845138582.0,4671,1212153.5758639100,7836,1,65285937,175502828.0,8,63.0,12380928.0,14896524.0,1243778.8288256800,18601077444182.0
1673839,7836,15014302148992.0,3114,1206851.0447403300,7836,1,86262262,177531778.0,4,63.0,12506510.0,15047523.0,1248100.5751682700,18892326582396.0
1673839,7836,15014578347100.0,3114,1214049.5275469100,7836,1,86262262,177532576.0,4,63.5,12506582.0,15047614.0,1242693.7637450000,18892498122608.0
1673839,7836,15014853183760.0,3114,1214049.5275469100,7836,1,86262262,177533260.0,4,63.0,12506666.0,15047710.0,1247348.8406773900,18892668959540.0
1673839,7836,15015129618780.0,3114,1204433.6380328200,7836,1,86262262,177534136.0,4,63.0,12506731.0,15047792.0,1247348.8406773900,18892840241280.0
1673839,7836,15015404511228.0,3114,1204433.6380328200,7836,1,86262262,177534820.0,4,63.0,12506806.0,15047884.0,1245372.196316210,18893011204564.0
1673839,7836,15017324979000.0,4671,1212970.1334456800,7836,1,86364173,177539308.0,4,63.0,12507243.0,15048404.0,1253460.0907889800,18894036914344.0
1673839,7836,15017600984170.0,3114,1201211.4172321900,7836,1,86438511,177539992.0,4,64.0,12507314.0,15048497.0,1241787.3879529500,18894208424756.0
1673839,7836,15017875942904.0,3114,1209185.3575880700,7836,1,86496151,177540676.0,4,64.0,12507386.0,15048583.0,1248152.7988265500,18894379067506.0
1673839,7836,15018151445026.0,3114,1218659.0730037200,7836,1,86507325,177541474.0,4,64.0,12507458.0,15048661.0,1250402.0101116800,18894550024830.0
1673839,7836,15018426507682.0,3114,1241011.8443003800,7836,1,86550039,177542346.0,4,64.0,12507523.0,15048743.0,1239071.635000440,18894720702262.0
1673839,7836,15020350451850.0,4671,753467.8661689900,7836,1,86677116,177547008.0,4,63.0,12507963.0,15049279.0,1246956.0248661600,18895747154756.0
1673839,7836,15020625606072.0,3114,753467.8661689900,7836,1,86751689,177547692.0,4,64.0,12508036.0,15049361.0,1246956.0248661600,18895918611642.0
1673839,7836,15020899079506.0,3114,0.0,7836,1,86772866,177548376.0,4,64.0,12508109.0,15049452.0,1251756.174687560,18896089591614.0
1673839,7836,15021174084492.0,3114,0.0,7836,1,86784068,177549174.0,4,64.0,12508189.0,15049542.0,1251756.174687560,18896260219946.0
1673839,7836,15021447814344.0,3114,0.0,7836,1,86795232,177549858.0,4,64.0,12508262.0,15049634.0,1237192.225377090,18896431750736.0
1673839,7836,15023397099990.0,4671,1202545.0055560300,7836,1,86860700,177555158.0,5,63.0,12508703.0,15050153.0,1245451.2497750900,18897481803210.0
1673839,7836,15023809190404.0,4671,651806.5754014870,7836,1,86860700,177556034.0,5,64.0,12508767.0,15050231.0,1248222.1624086500,18897816521276.0
1673839,7836,15024223848460.0,4671,653137.622070192,7836,1,86860700,177556718.0,5,65.0,12508845.0,15050333.0,1248222.1624086500,18898153306064.0
1673839,7836,15024636381364.0,4671,653137.622070192,7836,1,86860700,177557402.0,5,64.0,12508917.0,15050435.0,1240495.03197736,18898487516132.0
1673839,7836,15025050211400.0,4671,653485.0964464050,7836,1,86860700,177558200.0,5,65.0,12508989.0,15050524.0,1254016.407036240,18898823607290.0
1673839,7836,15027139174396.0,4671,1208265.1225079900,7836,1,86910556,177563046.0,5,63.0,12509427.0,15051048.0,1242179.2675131700,18900071069174.0
1673839,7836,15027315544234.0,4671,1208265.1225079900,7836,1,86911053,177564347.0,6,63.0,12509494.0,15051129.0,1254118.1773822300,18900241805192.0
1673839,7836,15027480239240.0,4671,652000.3848233170,7836,1,86911053,177565285.0,6,65.0,12509569.0,15051216.0,1236155.6628223500,18900413326332.0
1673839,7836,15027648455652.0,4671,624999.8184700900,7836,1,86911053,177566210.0,6,64.0,12509670.0,15051313.0,1250890.7777013400,18900585326770.0
1673839,7836,15027813109532.0,4671,625871.6419029620,7836,1,86911053,177567209.0,6,64.0,12509735.0,15051396.0,1252971.61792668,18900755963674.0
1673839,7836,15027979959184.0,4671,625180.0349370090,7836,1,86911053,177567209.0,6,64.0,12509805.0,15051484.0,1241291.8441649500,18900927696990.0
1673839,7836,15029836252368.0,4671,1213681.3863916500,7836,1,86969387,177573066.0,6,64.0,12510246.0,15052015.0,1255061.1417977100,18901956107148.0
1673839,7836,15030111121914.0,4671,1212175.1441015300,7836,1,86979967,177573750.0,6,64.0,12510322.0,15052104.0,329917.19794718400,18902127976352.0
1673839,7836,15030385219352.0,4671,1205606.640507680,7836,1,86990484,177574626.0,6,64.0,12510389.0,15052184.0,0.0,18902299065008.0
1673839,7836,15030657881948.0,4671,1205606.640507680,7836,1,87001064,177575408.0,6,64.0,12510458.0,15052268.0,0.0,18902469949698.0
1673839,7836,15030933298482.0,4671,1199290.4459877500,7836,1,87011560,177576092.0,6,64.0,12510536.0,15052368.0,0.0,18902641866582.0
1673839,7836,15032849995738.0,4671,1210076.8781407800,7836,1,87075203,177580856.0,6,64.0,12510977.0,15052889.0,1254143.1943545000,18903670407868.0
1673839,7836,15033122862030.0,4671,1204344.1719948500,7836,1,87085779,177581618.0,6,64.0,12511038.0,15052969.0,1246865.4119278100,18903841111488.0
1673839,7836,15033398268860.0,4671,1209199.4742105200,7836,1,87096437,177582302.0,6,64.0,12511127.0,15053072.0,1246865.4119278100,18904013304916.0
1673839,7836,15033671424100.0,4671,1209199.4742105200,7836,1,87107065,177583100.0,6,63.0,12511193.0,15053155.0,1252428.0563395200,18904184228864.0
1673839,7836,15033945476958.0,4671,1201563.904271860,7836,1,87117654,177583784.0,6,64.0,12511268.0,15053241.0,1136024.524622750,18904355603502.0
1673839,7836,15035865334570.0,4671,1205097.8152029900,7836,1,87180854,177588390.0,6,64.0,12511709.0,15053769.0,1247048.6104739100,18905384242224.0
1673839,7836,15036139579482.0,4671,1210949.5882752800,7836,1,87191445,177589074.0,6,64.0,12511768.0,15053844.0,1250559.2950013800,18905555064852.0
1673839,7836,15036412943672.0,4671,1196678.5072929200,7836,1,87202067,177589758.0,6,64.0,12511854.0,15053935.0,1236908.804223960,18905726752872.0
1673839,7836,15036688591478.0,4671,1207927.693306130,7836,1,87212762,177590822.0,6,64.0,12511918.0,15054020.0,1252169.5865085000,18905898009714.0
1673839,7836,15036962333252.0,4671,1204123.5562684600,7836,1,87223376,177591506.0,6,64.0,12511994.0,15054105.0,1248094.5962643400,18906069476136.0
1673839,7836,15038899471088.0,4671,1198653.6084256900,7836,1,87290427,177596354.0,6,63.0,12512429.0,15054629.0,1241587.8954782000,18907085406214.0
1673839,7836,15039322292656.0,4671,1203710.174527390,7836,1,87339684,177597230.0,6,63.0,12512508.0,15054726.0,1205597.3864607800,18907085407614.0
1673839,7836,15039735071948.0,4671,1244554.3752844500,7836,1,87389119,177598048.0,6,64.0,12512590.0,15054816.0,739796.1005963260,18907085408274.0
1673839,7836,15040148330384.0,4671,1244554.3752844500,7836,1,87438554,177598732.0,6,65.0,12512660.0,15054908.0,739796.1005963260,18907085409044.0
1673839,7836,15040561009088.0,4671,1245240.4653995300,7836,1,87487826,177599530.0,6,65.0,12512724.0,15054989.0,741111.2804219600,18907085409704.0
1673839,7836,15042846843036.0,4671,1206111.959921430,7836,1,87653416,177605691.0,6,64.0,12513234.0,15055597.0,1246602.640596320,18908033668657.0
1673839,7836,15043009482850.0,4671,1243950.5030378600,7836,1,87701822,177606556.0,6,64.0,12513310.0,15055708.0,827985.7123086410,18908204859794.0
1673839,7836,15043173983210.0,4671,1246621.0478982100,7836,1,87750131,177607535.0,6,64.0,12513379.0,15055786.0,759006.2422235910,18908375409749.0
1673839,7836,15043336280218.0,4671,1249747.0627041300,7836,1,87798586,177608346.0,6,64.0,12513450.0,15055881.0,761628.8683410930,18908546776056.0
1673839,7836,15043500681740.0,4671,1247114.3827846000,7836,1,87846972,177609157.0,6,64.0,12513525.0,15055973.0,760532.6185626230,18908718069651.0
1673839,7836,15045373286234.0,4671,1213420.4742377500,7836,1,87934632,177613632.0,6,63.0,12513959.0,15056495.0,1252956.9564778800,18909744211666.0
1673839,7836,15045702175536.0,4671,1213870.3151755000,7836,1,87945255,177613632.0,6,63.0,12514040.0,15056585.0,1250081.6087447100,18909914892446.0
1673839,7836,15046030973972.0,4671,1204272.7033169700,7836,1,87955887,177613632.0,6,63.0,12514124.0,15056672.0,1242463.4965715400,18910085536616.0
1673839,7836,15046361353250.0,4671,1211701.6248963500,7836,1,87966650,177613632.0,6,63.0,12514202.0,15056763.0,1249506.0722527500,18910257001732.0
1673839,7836,15046690104844.0,4671,1211396.2971690100,7836,1,87977441,177613632.0,6,63.0,12514277.0,15056845.0,1252087.540728290,18910427627680.0
1673839,7836,15048668819322.0,4671,1202120.551098600,7836,1,88041787,177619565.0,6,63.0,12514716.0,15057374.0,1241048.9330975200,18911454480916.0
1673839,7836,15048997535220.0,4671,1211161.7573138200,7836,1,88052564,177620581.0,6,63.0,12514786.0,15057453.0,1252247.4248957900,18911625073821.0
1673839,7836,15049326553864.0,4671,1211161.7573138200,7836,1,88063240,177621633.0,6,63.0,12514857.0,15057538.0,1252247.4248957900,18911795835898.0
1673839,7836,15049657019694.0,4671,1207219.1423131000,7836,1,88073924,177622571.0,6,63.0,12514928.0,15057626.0,1245939.1807823400,18911967354781.0
1673839,7836,15049985920926.0,4671,1204451.5888425900,7836,1,88084639,177623587.0,6,63.0,12514998.0,15057721.0,1242683.32016403,18912138070366.0
1673839,7836,15051994944872.0,4671,1203936.7469660100,7836,1,88146388,177629073.0,6,63.0,12515425.0,15058427.0,1244211.816598270,18913201725999.0
1673839,7836,15052409960984.0,4671,1078873.0058748200,7836,1,88146388,177629891.0,6,64.0,12515522.0,15058534.0,1246927.4348271800,18913538661227.0
1673839,7836,15052821792176.0,4671,644243.7781966010,7836,1,88146388,177630689.0,6,65.0,12515589.0,15058616.0,1243811.426445690,18913872588791.0
1673839,7836,15053235704248.0,4671,640768.32936424,7836,1,88146388,177631373.0,6,64.0,12515659.0,15058693.0,1243811.426445690,18914208014699.0
1673839,7836,15053648630232.0,4671,645941.1088632230,7836,1,88146388,177632171.0,6,64.0,12515731.0,15058789.0,1251867.250205640,18914543347745.0
1673839,7836,15055724624770.0,4671,1213264.7646105300,7836,1,88205107,177636837.0,6,63.0,12516167.0,15059702.0,1248151.6283167500,18915750737755.0
1673839,7836,15056149289588.0,4671,1213264.7646105300,7836,1,88253986,177637847.0,6,65.0,12516244.0,15059784.0,1229898.064172210,18915750737755.0
1673839,7836,15056564414312.0,4671,1248437.6348971400,7836,1,88303111,177638817.0,6,65.0,12516320.0,15059882.0,749281.8441296220,18915750737755.0
1673839,7836,15056977939940.0,4671,1248416.8964258100,7836,1,88347696,177639501.0,6,65.0,12516388.0,15059967.0,749281.8441296220,18915750737755.0
1673839,7836,15057390495096.0,4671,1250006.779047540,7836,1,88396655,177640185.0,6,64.0,12516458.0,15060051.0,749436.1277639360,18915750737755.0
1673839,7836,15057802341364.0,4671,1250006.779047540,7836,1,88445574,177640869.0,6,64.0,12516534.0,15060126.0,749436.1277639360,18915750737755.0
1673839,7836,15059821850634.0,4671,1210399.4562082000,7836,1,88521081,177647531.0,6,63.0,12516981.0,15061069.0,1251180.3320225200,18916695570035.0
1673839,7836,15060151604980.0,4671,1209340.6125113500,7836,1,88531255,177648191.0,6,63.0,12517052.0,15061154.0,1249735.3184941300,18916867025615.0
1673839,7836,15060480286078.0,4671,1209340.6125113500,7836,1,88541427,177648851.0,6,63.0,12517113.0,15061230.0,1249735.3184941300,18917038017507.0
1673839,7836,15060809367862.0,4671,1199886.3438786100,7836,1,88551631,177649621.0,6,63.0,12517193.0,15061313.0,1239016.807466830,18917209186039.0
1673839,7836,15061139932628.0,4671,1216957.3665924100,7836,1,88561812,177650281.0,6,63.0,12517272.0,15061420.0,1257706.965921650,18917381070739.0
1673839,7835,15063179613510.0,4671,1209367.9557313400,7835,1,88616609,177657015.0,7,62.0,12517699.0,15062338.0,939197.1793222270,18918305237035.0
1673839,7835,15063593370168.0,4671,858654.9760100360,7835,1,88616609,177657904.0,7,64.0,12517774.0,15062436.0,939197.1793222270,18918305237944.0
1673839,7835,15064006651008.0,4671,642731.4601213690,7835,1,88616609,177658907.0,7,66.0,12517846.0,15062522.0,748540.8699129030,18918305238947.0
1673839,7835,15064420748032.0,4671,645023.7546845080,7835,1,88616609,177659718.0,7,66.0,12517923.0,15062608.0,751902.8470213250,18918305239848.0
1673839,7835,15064832307244.0,4671,646131.3598912020,7835,1,88616609,177660529.0,7,66.0,12517995.0,15062698.0,745407.2533150240,18918305240749.0
1673840,7836,15066871722344.0,4671,1213088.6889952500,7836,1,88671970,177666190.0,7,63.0,12518441.0,15063626.0,1253123.4960153400,18919231988898.0
1673840,7836,15067201833190.0,4671,1206811.1735123200,7836,1,88682209,177667489.0,7,63.0,12518532.0,15063712.0,1246395.8712380600,18919403646439.0
1673840,7836,15067531553246.0,4671,1207175.429067160,7836,1,88692529,177668300.0,7,63.0,12518603.0,15063796.0,1244926.7128470800,18919575099876.0
1673840,7836,15067859914706.0,4671,1213213.6407261900,7836,1,88702756,177669111.0,7,63.0,12518669.0,15063879.0,1253838.3198932100,18919745930975.0
1673840,7836,15068189077120.0,4671,1213213.6407261900,7836,1,88712970,177670134.0,7,63.0,12518747.0,15063971.0,1253838.3198932100,18919917075648.0
1673840,7836,15070136699348.0,4671,1212519.0727999400,7836,1,88772364,177675995.0,7,63.0,12519379.0,15064693.0,1251381.855239350,18920946146103.0
1673840,7836,15070302473444.0,4671,1093516.7399857600,7836,1,88772364,177677276.0,7,64.0,12519447.0,15064693.0,1244477.8364905500,18921117553170.0
1673840,7836,15070469175850.0,4671,622494.2198190350,7836,1,88772364,177678214.0,7,64.0,12519516.0,15064858.0,1246775.5490514100,18921288417735.0
1673840,7836,15070634629732.0,4671,622494.2198190350,7836,1,88772364,177679474.0,7,64.0,12519587.0,15064953.0,1242938.490625630,18921288417735.0
1673840,7836,15070801687590.0,4671,621727.6931394090,7836,1,88772364,177680412.0,7,64.0,12519662.0,15065037.0,1242938.490625630,18921631737205.0
1673840,7836,15072561907330.0,4671,1206944.444722410,7836,1,88820184,177686522.0,7,63.0,12520372.0,15065572.0,1247935.2584796900,18922660060149.0
1673840,7836,15072728070534.0,4671,1211189.8291672500,7836,1,88867701,177687659.0,7,64.0,12520563.0,15065653.0,1250132.840062040,18922830823630.0
1673840,7836,15072890356362.0,4671,1247825.8218855400,7836,1,88915543,177688568.0,7,64.0,12520639.0,15065734.0,780470.1408204900,18923002226987.0
1673840,7836,15073055680140.0,4671,1240124.8847352000,7836,1,88958777,177689452.0,7,64.0,12520712.0,15065828.0,762647.1622042240,18923174320601.0
1673840,7836,15073217737416.0,4671,1252522.1043524800,7836,1,89006796,177690377.0,7,64.0,12520788.0,15065921.0,771596.4534421330,18923345850212.0
1673840,7836,15073380971870.0,4671,1246631.1674647800,7836,1,89060084,177691364.0,7,64.0,12520862.0,15066007.0,770275.8980973680,18923517158319.0
1673840,7836,15075278534562.0,4671,1202987.5250116200,7836,1,89142046,177697589.0,7,63.0,12521682.0,15066524.0,1243893.073767100,18924545449381.0
1673840,7836,15075607492088.0,4671,1201159.6747942900,7836,1,89152614,177698600.0,7,63.0,12521754.0,15066601.0,1245295.5993764300,18924716474849.0
1673840,7836,15075937815296.0,4671,1200387.357837160,7836,1,89163213,177699706.0,7,63.0,12521828.0,15066698.0,1243772.2448074500,18924888330020.0
1673840,7836,15076265981154.0,4671,1209252.6029722800,7836,1,89173793,177700776.0,7,63.0,12521898.0,15066776.0,1252429.8934240500,18925058963529.0
1673840,7836,15076597160050.0,4671,1199019.7380044000,7836,1,89184558,177701714.0,7,63.0,12521974.0,15066872.0,1241407.7713248800,18925231270414.0
1673840,7835,15078390275168.0,4671,1204207.3637141100,7835,1,89242790,177707068.0,8,64.0,12522806.0,15067408.0,1248144.9604861700,18926259046855.0
1673840,7835,15078390275168.0,4671,620771.845328772,7835,1,89242790,177707866.0,8,66.0,12522876.0,15067488.0,765797.1328198030,18926430308139.0
1673840,7835,15078390275168.0,4671,620771.845328772,7835,1,89242790,177708550.0,8,66.0,12522951.0,15067578.0,765797.1328198030,18926602216793.0
1673840,7835,15078390275168.0,4671,626003.3515345320,7835,1,89242790,177709234.0,8,66.0,12523018.0,15067663.0,772322.989607634,18926773109749.0
1673840,7835,15078390275168.0,4671,621556.6698436920,7835,1,89242790,177710110.0,8,66.0,12523093.0,15067754.0,766421.4345493360,18926944545163.0
1673841,7836,15080090165866.0,4671,1205420.0643902000,7836,1,89299257,177715464.0,8,63.0,12523916.0,15068292.0,1249104.6458970800,18927973081951.0
1673841,7836,15080419548836.0,4671,1203157.103676370,7836,1,89309912,177716226.0,8,63.0,12523986.0,15068377.0,1247484.6240270400,18928144331635.0
1673841,7836,15080748927000.0,4671,1207627.145083010,7836,1,89320555,177716910.0,8,62.0,12524059.0,15068463.0,1249758.9853575900,18928315668105.0
1673841,7836,15081078161142.0,4671,1207627.145083010,7836,1,89331181,177717708.0,8,63.0,12524129.0,15068546.0,1249758.9853575900,18928486913983.0
1673841,7836,15081408932340.0,4671,1216464.3389550600,7836,1,89341745,177718604.0,8,63.0,12524206.0,15068643.0,1235887.5929730600,18928658908645.0
1686643,7836,15623643181444.0,4671,1212240.5793532000,7836,1,112623554,179364422.0,4,63.0,12650234.0,15219439.0,1253743.7629490800,19214510631343.0
1686643,7836,15623923467648.0,3114,1196371.6478944100,7836,1,112623554,179365233.0,4,64.0,12650306.0,15219616.0,1238599.724485440,19214852337718.0
1686643,7836,15624205584274.0,3114,1208282.8423731800,7836,1,112623554,179365233.0,4,64.0,12650376.0,15219616.0,1247898.4818854200,19215023902011.0
1686643,7836,15624486515602.0,3114,1215536.690804570,7836,1,112623554,179366969.0,4,64.0,12650447.0,15219790.0,1256293.080282140,19215023902011.0
1686643,7836,15624766472212.0,3114,1216070.62196721,7836,1,112623554,179367858.0,4,64.0,12650529.0,15219869.0,1248221.4324935500,19215365905333.0
1686643,7836,15627014608040.0,3114,1195825.6769527700,7836,1,112735471,179373931.0,4,64.0,12651032.0,15220451.0,1238532.330294530,19216562792532.0
1686643,7836,15627294472276.0,3114,1210475.0921962800,7836,1,112810062,179374742.0,4,64.0,12651108.0,15220570.0,1250377.6038429300,19216733502047.0
1686643,7836,15627574881884.0,3114,1207228.5499918600,7836,1,112884548,179375626.0,4,64.0,12651180.0,15220627.0,1250161.5401427300,19216904510827.0
1686643,7836,15627856564524.0,3114,1201689.251969040,7836,1,112916039,179376551.0,4,64.0,12651251.0,15220745.0,1243059.7431083000,19217076333784.0
1686643,7836,15628136141348.0,3114,1246379.5581345000,7836,1,112942020,179377362.0,4,64.0,12651327.0,15220836.0,1256193.0700182900,19217247005155.0
1686643,7836,15630097297982.0,4671,1204079.904150900,7836,1,113091143,179382588.0,4,62.0,12651762.0,15221373.0,1248997.7096265200,19218102354234.0
1686643,7836,15630376297246.0,3114,423642.8933561250,7836,1,113165929,179383399.0,4,64.0,12651827.0,15221451.0,1244780.676355110,19218443767304.0
1686643,7836,15630659240064.0,3114,0.0,7836,1,113240531,179384603.0,4,64.0,12651905.0,15221543.0,1241192.2442292300,19218615304392.0
1686643,7836,15630937752054.0,3114,0.0,7836,1,113301874,179385468.0,4,64.0,12651977.0,15221624.0,1251639.2710158600,19218615304392.0
1686643,7836,15631219837898.0,3114,0.0,7836,1,113312977,179386279.0,4,64.0,12652067.0,15221732.0,1247943.312150950,19218957326742.0
1686643,7836,15633252226522.0,4671,1208345.1586474200,7836,1,113420672,179392701.0,5,63.0,12652498.0,15222245.0,1246239.134469140,19220051927576.0
1686643,7836,15633666673282.0,4671,974919.4555237160,7836,1,113420672,179393590.0,5,64.0,12652568.0,15222335.0,1250891.0742775100,19220051927576.0
1686643,7836,15634079516202.0,4671,647609.3833867040,7836,1,113420672,179393590.0,5,65.0,12652658.0,15222421.0,1248323.5709058100,19220723194668.0
1686643,7836,15634079516202.0,4671,649752.3423471120,7836,1,113420672,179394401.0,5,64.0,12652658.0,15222421.0,1248323.5709058100,19220723194668.0
1686643,7836,15634905219710.0,4671,646991.0136044620,7836,1,113420672,179395212.0,5,64.0,12652805.0,15222562.0,1244310.1105015300,19221393530655.0
1686643,7836,15636959763370.0,4671,1201584.5050052500,7836,1,113472662,179425560.0,6,63.0,12653236.0,15223027.0,1247067.1889195100,19222574310257.0
1686643,7836,15637127609838.0,4671,1076153.1298522400,7836,1,113472662,179426758.0,6,64.0,12653308.0,15223112.0,1242670.6548024900,19222745958082.0
1686643,7836,15637297068006.0,4671,625980.0662091540,7836,1,113472662,179427696.0,6,64.0,12653379.0,15223205.0,1249983.6272405600,19222916582965.0
1686643,7836,15637463944186.0,4671,621794.032306165,7836,1,113472662,179427696.0,6,64.0,12653458.0,15223386.0,1244619.340987830,19223088458443.0
1686643,7836,15637633268666.0,4671,624078.4865335650,7836,1,113472662,179429759.0,6,64.0,12653532.0,15223474.0,1247954.5040426900,19223260190784.0
1686643,7836,15639440278278.0,4671,1212391.0912362500,7836,1,113520171,179435559.0,6,63.0,12653971.0,15223995.0,1252432.0533331100,19224288253692.0
1686643,7836,15639720580708.0,4671,1201892.1768018500,7836,1,113530381,179448510.0,6,64.0,12654043.0,15223995.0,1242278.6488057300,19224459919391.0
1686643,7836,15639999680284.0,4671,1214100.9929346900,7836,1,113540515,179449321.0,6,64.0,12654114.0,15224086.0,139.3180102890290,19224459919391.0
1686643,7836,15640278629552.0,4671,1207086.2737516600,7836,1,113550704,179450246.0,6,64.0,12654186.0,15224261.0,0.0,19224631320266.0
1686643,7836,15640557743950.0,4671,1204376.6018107800,7836,1,113560994,179451057.0,6,64.0,12654257.0,15224341.0,0.0,19224973629834.0
1686643,7836,15640836276072.0,4671,1206057.513467010,7836,1,113571169,179452202.0,6,64.0,12654332.0,15224420.0,0.0,19225144997679.0
1686643,7836,15642796792984.0,4671,1210797.2527005500,7836,1,113632464,179503709.0,6,64.0,12654766.0,15224963.0,1251208.2496205300,19226173927458.0
1686643,7836,15643077495124.0,4671,1207650.088248600,7836,1,113642669,179503709.0,6,64.0,12654837.0,15225042.0,1245140.6851919900,19226344911187.0
1686643,7836,15643359262326.0,4671,1203600.4525618700,7836,1,113652821,179505499.0,6,64.0,12654908.0,15225142.0,1243900.0163589400,19226516635298.0
1686643,7836,15643640384542.0,4671,1208306.228235330,7836,1,113662939,179506383.0,6,64.0,12654991.0,15225142.0,1246959.6910568700,19226687983888.0
1686643,7836,15643920869740.0,4671,1214083.6960483900,7836,1,113673194,179507194.0,6,64.0,12655066.0,15225317.0,1253887.0524086500,19226858760245.0
1686643,7836,15645883994928.0,4671,1210621.8858267600,7836,1,113734462,179519611.0,6,63.0,12655501.0,15225759.0,1251131.2291321400,19227716509774.0
1686643,7836,15646163524840.0,4671,1201081.6102907700,7836,1,113744705,179544173.0,6,64.0,12655574.0,15225923.0,1237861.806291410,19227887184993.0
1686643,7836,15646446528704.0,4671,1207885.4224738800,7836,1,113754889,179591964.0,6,64.0,12655646.0,15226015.0,1248335.6306627400,19228230307997.0
1686643,7836,15646446528704.0,4671,1210145.056371410,7836,1,113765268,179591964.0,6,64.0,12655718.0,15226015.0,1201105.155820490,19228230307997.0
1686643,7836,15647006700918.0,4671,1206841.5593619700,7836,1,113775478,179631087.0,6,64.0,12655794.0,15226181.0,1248316.710932620,19228572880350.0
1686643,7836,15649027586632.0,4671,1198124.5233979300,7836,1,113845782,179683695.0,6,63.0,12656225.0,15226727.0,1237747.8946865100,19229429896393.0
1686643,7836,15649442438390.0,4671,1221751.8292750100,7836,1,113894633,179684457.0,6,63.0,12656297.0,15226818.0,1090066.133735060,19229547099974.0
1686643,7836,15649853731920.0,4671,1255914.6652897200,7836,1,113943644,179685255.0,6,63.0,12656368.0,15226874.0,753544.6478654320,19229547100634.0
1686643,7836,15650266952564.0,4671,1242689.9333616000,7836,1,113992501,179686009.0,6,64.0,12656450.0,15226999.0,744887.68454373,19229547101294.0
1686643,7836,15650681073028.0,4671,1252178.3671230700,7836,1,114041536,179686909.0,6,64.0,12656528.0,15226999.0,750665.1820625070,19229547102064.0
1686643,7836,15652447982362.0,4671,1208720.3128066600,7836,1,114156054,179691521.0,6,63.0,12656882.0,15227517.0,1249454.0042704600,19230196146132.0
1686643,7836,15652934005372.0,4671,1206100.6022216300,7836,1,114204476,179693589.0,6,63.0,12657030.0,15227660.0,1188637.459746660,19230367190785.0
1686643,7836,15653102815568.0,4671,1246861.8150453600,7836,1,114252770,179694592.0,6,64.0,12657118.0,15227660.0,758553.8164170880,19230709215823.0
1686643,7836,15653270111946.0,4671,1250122.3308125300,7836,1,114301174,179695549.0,6,64.0,12657189.0,15227861.0,761897.2919890680,19230709215823.0
1686643,7836,15653439419948.0,4671,1251196.1363014100,7836,1,114349628,179696433.0,6,64.0,12657267.0,15227861.0,761152.5833300960,19230880938684.0
1686643,7836,15655554160336.0,4671,1210892.6842527300,7836,1,114481005,179702201.0,6,63.0,12657771.0,15228481.0,1248681.3888488600,19232248974948.0
1686643,7836,15655888345584.0,4671,1210369.363749380,7836,1,114492099,179702201.0,6,63.0,12657851.0,15228665.0,1249145.0626526000,19232419792906.0
1686643,7836,15656222402698.0,4671,1206798.88132163,7836,1,114503140,179702201.0,6,63.0,12657925.0,15228749.0,1246782.953603740,19232590539360.0
1686643,7836,15656556817942.0,4671,1204563.306917010,7836,1,114514203,179702201.0,6,63.0,12658001.0,15228834.0,1244151.9965737700,19232761531362.0
1686643,7836,15656892840078.0,4671,1203428.5659706400,7836,1,114525336,179702201.0,6,63.0,12658072.0,15228834.0,1245240.5798725900,19232761531362.0
1686643,7836,15658899803240.0,4671,1216231.7085847000,7836,1,114591854,179706625.0,6,63.0,12658507.0,15229439.0,1254773.8032007600,19233959244789.0
1686643,7836,15659233442942.0,4671,1203869.319904100,7836,1,114603019,179708815.0,6,63.0,12658577.0,15229529.0,1244979.7100480400,19233959244789.0
1686643,7836,15659233442942.0,4671,1202539.769272630,7836,1,114613993,179709921.0,6,63.0,12658648.0,15229529.0,1242834.7681513000,19234129751664.0
1686643,7836,15659903129508.0,4671,1208388.7214693800,7836,1,114625076,179710977.0,6,63.0,12658724.0,15229616.0,1248302.4118612,19234472136610.0
1686643,7836,15660237158576.0,4671,1208737.559486720,7836,1,114636145,179710977.0,6,63.0,12658795.0,15229785.0,1250063.1389419100,19234642860429.0
1686643,7836,15662291897834.0,4671,1201820.2262546400,7836,1,114698461,179717963.0,6,63.0,12659225.0,15230502.0,1240813.8777307000,19235498326723.0
1686643,7836,15662703895928.0,4671,962947.5308011860,7836,1,114698461,179719086.0,6,64.0,12659297.0,15230593.0,1246296.0038685300,19236075358405.0
1686643,7836,15663117659984.0,4671,644546.9660389540,7836,1,114698461,179719897.0,6,65.0,12659378.0,15230684.0,1245372.0212343700,19236075358405.0
1686643,7836,15663530744784.0,4671,648622.3804913250,7836,1,114698461,179720708.0,6,64.0,12659450.0,15230740.0,1250679.611119150,19236746292813.0
1686643,7836,15663944185036.0,4671,647738.2155644270,7836,1,114698461,179721706.0,6,65.0,12659526.0,15230833.0,1248449.9444255800,19237081111115.0
1686643,7836,15666066740340.0,4671,1211633.6264797300,7836,1,114762987,179726565.0,6,63.0,12659959.0,15231784.0,1244178.3358354600,19238110964822.0
1686643,7836,15666480031164.0,4671,1223202.8293356300,7836,1,114812280,179728386.0,6,63.0,12660031.0,15231874.0,1135752.4855169500,19238243366919.0
1686643,7836,15666891451862.0,4671,1254538.3163713200,7836,1,114861621,179729070.0,6,65.0,12660103.0,15231960.0,745258.5796733180,19238243366919.0
1686643,7836,15667304765170.0,4671,1237016.1465588900,7836,1,114910991,179729070.0,6,64.0,12660174.0,15231960.0,735142.7024380410,19238243366919.0
1686643,7836,15667718719242.0,4671,1250750.633951470,7836,1,114960391,179730630.0,6,64.0,12660250.0,15232154.0,743166.3392219420,19238243366919.0
1686643,7836,15669830415380.0,4671,1203696.0692181100,7836,1,115073147,179736111.0,6,63.0,12660683.0,15233061.0,1243475.2375442800,19239067594832.0
1686643,7836,15670166939086.0,4671,1215288.5446834800,7836,1,115083914,179738061.0,6,63.0,12660754.0,15233153.0,1256195.9493567700,19239067594832.0
1686643,7836,15670503563064.0,4671,1196583.550575790,7836,1,115094497,179738721.0,6,63.0,12660835.0,15233250.0,1241572.4848593900,19239410368112.0
1686643,7836,15670838859174.0,4671,1211073.1440417700,7836,1,115105177,179739451.0,6,63.0,12660906.0,15233331.0,1252573.9471400700,19239410368112.0
1686643,7836,15671176516688.0,4671,1196669.9787434700,7836,1,115115807,179740221.0,6,63.0,12660981.0,15233331.0,1239495.805095270,19239581080164.0
1686643,7836,15671512707910.0,4671,1208379.8175148400,7836,1,115126450,179740881.0,6,63.0,12661052.0,15233514.0,1251657.4952446800,19239753045920.0
1686643,7835,15673606929652.0,4671,1207352.802101340,7835,1,115182467,179745363.0,7,63.0,12661495.0,15234427.0,1251471.8124881800,19240814424152.0
1686643,7835,15674021325054.0,4671,758474.5993738590,7835,1,115182467,179746923.0,7,67.0,12661565.0,15234513.0,844282.1759916670,19240814424836.0
1686643,7835,15674433541060.0,4671,645616.4131115390,7835,1,115182467,179747607.0,7,66.0,12661639.0,15234600.0,739808.2301088430,19240814425634.0
1686643,7835,15674848407234.0,4671,643332.0278283100,7835,1,115182467,179748523.0,7,67.0,12661714.0,15234689.0,737524.2568719300,19240814425634.0
1686643,7835,15675260513716.0,4671,649287.538099548,7835,1,115182467,179749207.0,7,66.0,12661786.0,15234776.0,743654.4495044650,19240814426436.0
1686644,7836,15677314643934.0,4671,1207620.0346338800,7836,1,115241714,179754097.0,7,63.0,12662221.0,15235697.0,1248480.8631958500,19241785547790.0
1686644,7836,15677652104094.0,4671,1199309.3656700400,7836,1,115252300,179754859.0,7,63.0,12662304.0,15235697.0,1241749.5058780200,19241785547790.0
1686644,7836,15677988246926.0,4671,1208266.3025989100,7836,1,115262989,179755657.0,7,63.0,12662375.0,15235870.0,1250633.2371485600,19242128530716.0
1686644,7836,15678324679526.0,4671,1204922.440465130,7836,1,115273634,179756341.0,7,63.0,12662451.0,15235962.0,1250321.1114128900,19242299869594.0
1686644,7836,15678662304084.0,4671,1201727.0100372700,7836,1,115284274,179757025.0,7,63.0,12662523.0,15235962.0,1245113.7970410500,19242471775750.0
1686644,7836,15680615066870.0,4671,1207089.8595326300,7836,1,115344813,179762208.0,7,63.0,12663145.0,15236682.0,1249375.2680531800,19243328366850.0
1686644,7836,15680783889022.0,4671,981204.2358188810,7836,1,115344813,179763024.0,7,64.0,12663223.0,15236847.0,1247041.341981550,19243670977954.0
1686644,7836,15680783889022.0,4671,623392.2900594910,7836,1,115344813,179763024.0,7,64.0,12663294.0,15236937.0,1248532.143744960,19243842069124.0
1686644,7836,15681119863856.0,4671,625978.5339658930,7836,1,115344813,179765049.0,7,64.0,12663369.0,15237027.0,1252534.2863037000,19243842069124.0
1686644,7836,15681288970018.0,4671,619608.257390112,7836,1,115344813,179765958.0,7,64.0,12663441.0,15237027.0,1239032.411338180,19244185254522.0
1686644,7836,15683119788378.0,4671,1206146.6713509900,7836,1,115399155,179770381.0,7,63.0,12664262.0,15237637.0,1244154.1922275300,19245213744952.0
1686644,7836,15683286943552.0,4671,1209456.2752780400,7836,1,115447253,179772316.0,7,64.0,12664334.0,15237725.0,1158895.69156767,19245384675155.0
1686644,7836,15683456437716.0,4671,1246946.0105639000,7836,1,115495157,179773127.0,7,64.0,12664404.0,15237725.0,770361.3705528720,19245384675155.0
1686644,7836,15683623820120.0,4671,1246374.125172810,7836,1,115543206,179773938.0,7,64.0,12664481.0,15237907.0,769808.7268740390,19245728001499.0
1686644,7836,15683791453854.0,4671,1247444.1131944900,7836,1,115591097,179774822.0,7,64.0,12664551.0,15237958.0,769808.7268740390,19245898831479.0
1686644,7836,15685600429462.0,4671,1206708.9329540600,7836,1,115705250,179779979.0,7,63.0,12665180.0,15238509.0,1248828.987342000,19246927191940.0
1686644,7836,15685936985054.0,4671,1208312.1480458500,7836,1,115715968,179781129.0,7,63.0,12665447.0,15238595.0,1246494.7571852500,19247098621751.0
1686644,7836,15686274031942.0,4671,1202254.470342050,7836,1,115726658,179782367.0,7,63.0,12665512.0,15238595.0,1246494.7571852500,19247098621751.0
1686644,7836,15686610734288.0,4671,1196917.2386814600,7836,1,115737316,179783378.0,7,63.0,12665595.0,15238789.0,1239883.1392909500,19247441646744.0
1686644,7836,15686946806540.0,4671,1203539.6455743900,7836,1,115748003,179784508.0,7,63.0,12665665.0,15238789.0,1247720.3109986400,19247612793801.0
1686644,7836,15687284521130.0,4671,1204240.1933761000,7836,1,115758825,179784508.0,7,63.0,12665735.0,15238862.0,1247378.6066808100,19247784709620.0
1686644,7835,15689049229890.0,4671,1202968.4931921900,7835,1,115816340,179791637.0,8,63.0,12666568.0,15239503.0,1248123.434449320,19248813036703.0
1686644,7835,15689049229890.0,4671,765575.0639884880,7835,1,115816340,179791637.0,8,65.0,12666638.0,15239587.0,886100.3588574030,19248813036703.0
1686644,7835,15689049229890.0,4671,621581.8097236300,7835,1,115816340,179793337.0,8,66.0,12666715.0,15239587.0,766964.996359164,19248984245870.0
1686644,7835,15689049229890.0,4671,624219.1055024920,7835,1,115816340,179793337.0,8,66.0,12666715.0,15239680.0,770080.872790324,19249156034145.0
1686644,7835,15689049229890.0,4671,624594.2097220220,7835,1,115816340,179795127.0,8,66.0,12666851.0,15239851.0,769921.1740355510,19249327454260.0
1686645,7836,15690890671860.0,4671,1209057.9292106000,7836,1,115875176,179801334.0,8,63.0,12667696.0,15240380.0,1252849.6404563700,19250355405120.0
1686645,7836,15691226168348.0,4671,1199862.3624047500,7836,1,115885858,179802223.0,8,63.0,12667767.0,15240465.0,1245331.3415371200,19250697946463.0
1686645,7836,15691562779496.0,4671,1205549.042241010,7836,1,115896548,179803148.0,8,63.0,12667842.0,15240558.0,1251428.883523560,19250869309194.0
1686645,7836,15691899919654.0,4671,1202057.2214435800,7836,1,115907229,179803959.0,8,63.0,12667913.0,15240558.0,1247247.183426220,19251040979575.0
1686645,7836,15692237361274.0,4671,1204447.628012090,7836,1,115917873,179803959.0,8,63.0,12667984.0,15240729.0,1246346.4820108800,19251212785730.0
1694399,7836,16244942522616.0,4671,1215966.265866870,7836,1,137181056,181855961.0,4,63.0,12793706.0,15391350.0,1252542.2501499600,19541311635901.0
1694399,7836,16244942522616.0,3114,1215903.203726070,7836,1,137181056,181856772.0,4,64.0,12793783.0,15391442.0,1250584.1147817900,19541482289506.0
1694399,7836,16245222322344.0,3114,1207888.6040314600,7836,1,137181056,181857697.0,4,64.0,12793855.0,15391530.0,1243274.3793160900,19541653811965.0
1694399,7836,16245501019796.0,3114,1214002.355997550,7836,1,137181056,181858635.0,4,64.0,12793927.0,15391616.0,1247708.4708306300,19541825220119.0
1694399,7836,16245778777278.0,3114,1231513.3277229500,7836,1,137181056,181859446.0,4,64.0,12794000.0,15391702.0,1241567.549398770,19541995381428.0
1694399,7836,16247675209282.0,4671,1213070.198750100,7836,1,137240432,181864884.0,4,63.0,12794443.0,15392237.0,1251016.4214463700,19543021699956.0
1694399,7836,16248006189422.0,3114,1216631.9414464300,7836,1,137313897,181865695.0,4,63.0,12794518.0,15392327.0,1251644.8931119400,19543193212993.0
1694399,7836,16248284359964.0,3114,1208973.7060333600,7836,1,137387349,181866560.0,4,64.0,12794590.0,15392412.0,1243701.236746220,19543364302810.0
1694399,7836,16248561397242.0,3114,1209347.2197869600,7836,1,137460800,181867485.0,4,64.0,12794661.0,15392497.0,1244816.0772789500,19543534579629.0
1694399,7836,16248839437998.0,3114,1214975.7896917300,7836,1,137534424,181868369.0,4,64.0,12794733.0,15392583.0,1251697.710340970,19543705642163.0
1694399,7836,16251061284372.0,4671,1213946.187619370,7836,1,137738754,181874544.0,4,63.0,12795240.0,15393192.0,1250237.7235689200,19544903472388.0
1694399,7836,16251345830080.0,3114,157523.15630911400,7836,1,137811495,181875355.0,4,64.0,12795330.0,15393279.0,1245132.4904908900,19545074301103.0
1694399,7836,16251624969956.0,3114,0.0,7836,1,137884176,181876244.0,4,64.0,12795401.0,15393367.0,1250651.433589350,19545244873616.0
1694399,7836,16251902592252.0,3114,0.0,7836,1,137956835,181877169.0,4,64.0,12795472.0,15393453.0,1246572.7012337100,19545416364005.0
1694399,7836,16252181534204.0,3114,0.0,7836,1,138029592,181878053.0,4,64.0,12795542.0,15393542.0,1237360.6173984500,19545586949625.0
1694399,7836,16254116051358.0,4671,1215835.1524797900,7836,1,138124463,181884285.0,5,64.0,12795988.0,15394077.0,1251625.2783860500,19546613670703.0
1694399,7836,16254512793418.0,4671,833483.0231817130,7836,1,138124463,181885296.0,5,65.0,12796062.0,15394166.0,1238152.0677367900,19546889284890.0
1694399,7836,16255340069990.0,4671,634065.5550402930,7836,1,138124463,181886221.0,5,65.0,12796136.0,15394255.0,1254771.2955429700,19547225969791.0
1694399,7836,16255340069990.0,4671,630820.0412477890,7836,1,138124463,181887032.0,5,65.0,12796207.0,15394342.0,1249360.574733200,19547559786626.0
1694399,7836,16255753358858.0,4671,627641.4597462650,7836,1,138124463,181887843.0,5,65.0,12796280.0,15394429.0,1243175.561337770,19547895479669.0
1694399,7836,16257907738718.0,4671,1210942.3914812200,7836,1,138179378,181893590.0,6,64.0,12796710.0,15394947.0,1241152.9070924300,19549212739736.0
1694399,7836,16258169789020.0,4671,960051.983059712,7836,1,138179378,181894738.0,6,64.0,12796786.0,15395036.0,1245593.5753710200,19549380495695.0
1694399,7836,16258337122884.0,4671,629743.6781321390,7836,1,138179378,181896148.0,6,65.0,12796857.0,15395123.0,1255041.6713719800,19549548292360.0
1694399,7836,16258501072286.0,4671,624796.0061483590,7836,1,138179378,181897086.0,6,64.0,12796928.0,15395208.0,1244816.704142460,19549715639243.0
1694399,7836,16258669317726.0,4671,623250.3505025400,7836,1,138179378,181898024.0,6,64.0,12797001.0,15395292.0,1242549.6943024700,19549883892160.0
1694399,7836,16260336449920.0,4671,1215268.4092837900,7836,1,138242051,181904065.0,6,63.0,12797446.0,15395828.0,1252764.759224810,19550890018857.0
1694399,7836,16260659119420.0,4671,1216597.5876697900,7836,1,138254877,181916824.0,6,63.0,12797521.0,15395919.0,971556.1122520890,19551057680570.0
1694399,7836,16260936768148.0,4671,1208758.4450985600,7836,1,138267588,181917749.0,6,64.0,12797593.0,15396004.0,0.0,19551224792629.0
1694399,7836,16261216923512.0,4671,1206938.0819757300,7836,1,138280294,181918560.0,6,63.0,12797663.0,15396091.0,0.0,19551392700944.0
1694399,7836,16261496482078.0,4671,1211611.8575095600,7836,1,138292953,181919371.0,6,64.0,12797734.0,15396179.0,0.0,19551560863269.0
1694399,7836,16263386899172.0,4671,1199235.5738113500,7836,1,138369361,181937320.0,6,63.0,12798244.0,15396718.0,1236465.9206241400,19552566248384.0
1694399,7836,16263721500538.0,4671,1212944.3431738600,7836,1,138382035,181938245.0,6,63.0,12798244.0,15396809.0,1249431.0783208100,19552733930333.0
1694399,7836,16264000823002.0,4671,1210182.452633460,7836,1,138394761,181946748.0,6,64.0,12798315.0,15396894.0,1247055.0755939700,19552901785548.0
1694399,7836,16264279758734.0,4671,1210649.9701590300,7836,1,138407419,181947693.0,6,64.0,12798388.0,15396979.0,1247023.9732182500,19553069583105.0
1694399,7836,16264559555842.0,4671,1212745.7437323400,7836,1,138420115,181948504.0,6,64.0,12798458.0,15397065.0,1249347.2044437900,19553237679870.0
1694399,7836,16264838774776.0,4671,1213535.8776835300,7836,1,138432874,181949429.0,6,64.0,12798537.0,15397162.0,1251262.7536249500,19553405447529.0
1694399,7836,16266775232230.0,4671,1214329.7447363400,7836,1,138508835,181993956.0,6,63.0,12798978.0,15397689.0,1249095.9114194500,19554410763408.0
1694399,7836,16267066855296.0,4671,1216659.3654642600,7836,1,138521609,182017929.0,6,64.0,12799049.0,15397774.0,1253546.5970885700,19554578474231.0
1694399,7836,16267348323656.0,4671,1210415.4329478600,7836,1,138534484,182018740.0,6,64.0,12799121.0,15397860.0,1248799.941133010,19554746338556.0
1694399,7836,16267626623006.0,4671,1208380.5598054400,7836,1,138547193,182065775.0,6,64.0,12799191.0,15397947.0,1183496.1453515300,19554914382495.0
1694399,7836,16267907362448.0,4671,1205223.3136770600,7836,1,138559811,182066664.0,6,64.0,12799264.0,15398031.0,1243523.4767906300,19555082271946.0
1694399,7836,16269826702124.0,4671,1206216.2734197000,7836,1,138654693,182157907.0,6,63.0,12799723.0,15398556.0,1242741.1319826000,19556088423011.0
1694399,7836,16270215255918.0,4671,1226864.2547494400,7836,1,138704140,182158954.0,6,65.0,12799794.0,15398642.0,966218.6378672880,19556163886620.0
1694399,7836,16270630226738.0,4671,1249094.8883890700,7836,1,138753608,182159716.0,6,65.0,12799866.0,15398731.0,741480.8106126320,19556163887638.0
1694399,7836,16271043492004.0,4671,1250017.9543768400,7836,1,138802854,182160592.0,6,65.0,12799939.0,15398816.0,741575.2552277300,19556163888298.0
1694399,7836,16271454893726.0,4671,1246368.237432000,7836,1,138852276,182161386.0,6,65.0,12800010.0,15398903.0,738444.8585984070,19556163888958.0
1694399,7836,16273625511712.0,4671,1216307.5761071500,7836,1,138977230,182166680.0,6,63.0,12800454.0,15399440.0,1247427.738508580,19556832022448.0
1694399,7836,16273905667062.0,4671,1229685.4792722800,7836,1,139027492,182167677.0,6,64.0,12800525.0,15399526.0,1077843.4445764200,19556998401727.0
1694399,7836,16274074626064.0,4671,1244510.826653360,7836,1,139077525,182168967.0,6,64.0,12800595.0,15399612.0,724550.7126055620,19557164095785.0
1694399,7836,16274241963130.0,4671,1243616.43996599,7836,1,139127797,182169778.0,6,64.0,12800667.0,15399697.0,723654.6350759960,19557329385276.0
1694399,7836,16274410090070.0,4671,1244622.0380891600,7836,1,139177804,182170703.0,6,64.0,12800737.0,15399783.0,725523.6048385170,19557494794081.0
1694399,7836,16276086258508.0,4671,1209648.7387510100,7836,1,139293298,182176399.0,6,63.0,12801173.0,15400311.0,1240406.2805581900,19558488911153.0
1694399,7836,16276424407428.0,4671,1215557.2780973700,7836,1,139305736,182177210.0,6,63.0,12801245.0,15400396.0,1247419.0438623100,19558655395264.0
1694399,7836,16276759947734.0,4671,1216709.1145671300,7836,1,139318099,182177210.0,6,63.0,12801315.0,15400483.0,1249364.2945827100,19558820516762.0
1694399,7836,16277097314048.0,4671,1215476.4139023300,7836,1,139330551,182177210.0,6,63.0,12801387.0,15400570.0,1246019.8141559800,19558986565430.0
1694399,7836,16277433259750.0,4671,1214398.9254730400,7836,1,139342933,182177210.0,6,63.0,12801458.0,15400655.0,1247247.8116453700,19559151963376.0